Season,TeamName,Size,SizeRank,Hgt5,Hgt5Rank,Hgt4,Hgt4Rank,Hgt3,Hgt3Rank,Hgt2,Hgt2Rank,Hgt1,Hgt1Rank,HgtEff,HgtEffRank,Exp,ExpRank,Bench,BenchRank,Pts5,Pts5Rank,Pts4,Pts4Rank,Pts3,Pts3Rank,Pts2,Pts2Rank,Pts1,Pts1Rank,OR5,OR5Rank,OR4,OR4Rank,OR3,OR3Rank,OR2,OR2Rank,OR1,OR1Rank,DR5,DR5Rank,DR4,DR4Rank,DR3,DR3Rank,DR2,DR2Rank,DR1,DR1Rank
2012,"Air Force",77.32,59,0.67,79,-0.06,186,1.07,52,1.61,42,2.52,31,0.61,130,1.62,189,31.59,146,19.96,174,26.25,24,22.51,92,15.74,310,15.54,278,24.83,325,16.75,338,22.2,85,26.28,4,9.93,70,23.8,257,20.29,306,18.39,219,21.36,12,16.16,55
2012,Akron,77.66,32,1.51,29,0.94,64,1.58,25,2.6,12,-1.47,256,2.45,29,1.73,151,33.22,110,21.66,107,24.85,40,19.26,221,18.19,245,16.03,264,29.34,261,37.17,27,11.68,309,13.54,98,8.27,146,24.1,245,26.66,98,19.1,191,16.94,97,13.2,196
2012,Alabama,76.77,121,0.16,138,-0.06,171,0.8,94,1.5,45,0.52,148,0.1,165,1.01,322,36.42,48,22.39,85,23.35,72,16.44,295,17.91,254,19.91,143,36.72,110,26.6,227,19.77,135,9.13,232,7.78,169,24.51,235,23.81,193,18.66,208,19.55,30,13.47,178
2012,"Alabama A&M",74.84,336,0.4,118,-1.06,296,0.35,122,-3.35,341,-3.48,340,-0.67,222,1.42,247,37.97,33,11.03,340,25.04,37,25.93,24,19.49,187,18.49,195,25.38,322,26.26,235,26.55,23,15.68,49,6.14,246,29.14,81,24.11,182,22.01,90,10.16,337,14.57,121
2012,"Alabama St.",75.14,327,-2.07,335,-2.06,338,-0.16,196,-0.7,233,0.27,178,-4.13,341,2.3,21,35.7,58,20.27,159,19.74,202,18.94,233,24.49,39,16.56,254,33.5,163,22.11,300,21.5,97,15.14,65,7.75,172,24.77,228,22.95,231,21.41,111,17.83,67,13.03,203
2012,Albany,76.38,190,0.41,115,-1.65,325,0.07,176,-0.5,220,-1.46,248,-1.24,261,1.69,168,32.66,124,10.18,343,12.62,344,29.89,4,25.2,26,22.11,76,28.62,281,21.35,309,25.24,42,17.98,21,6.82,216,26.21,170,22.59,247,21.14,117,17.66,71,12.4,236
2012,"Alcorn St.",76.41,183,-0.22,201,0.1,143,0.77,96,0.46,127,0.28,175,-0.11,185,1.5,228,34.22,87,18.03,226,18.57,251,21.7,117,21.13,121,20.56,115,36.97,102,25.96,242,12.22,297,13.77,94,11.08,40,29.99,62,25.03,144,15.08,308,13.84,268,16.06,62
2012,American,76.33,204,1.45,37,-1.06,297,1.07,86,0.08,193,-0.68,236,0.39,145,2.18,43,30.31,177,17.6,243,24.93,38,25.25,33,15.7,312,16.53,256,54.58,3,12.77,343,12.35,293,10.05,196,10.25,56,29.92,63,18.84,331,18.93,199,16.8,101,15.51,84
2012,"Appalachian St.",76.84,111,-0.2,200,0.37,121,0.21,132,0.49,124,1.18,105,0.17,158,1.77,144,37.25,39,20.81,130,21.16,145,22.9,81,16.47,290,18.66,187,43.14,17,24.18,275,20.85,105,6.83,295,4.99,286,31.18,37,22.63,244,20.98,123,9.76,341,15.45,88
2012,Arizona,76.72,131,-0.59,255,-0.06,183,-0.26,205,0.71,102,2.52,26,-0.65,221,1.71,161,28.2,221,18.68,211,22.34,103,20.73,161,20.83,131,17.42,230,37.54,91,32.19,95,11.76,306,10.06,194,8.46,128,24.55,234,27.53,75,16.24,284,16.5,114,15.18,96
2012,"Arizona St.",78.38,6,2.01,14,0.35,123,1.07,49,2.13,18,3.27,6,2.36,35,1.38,257,34.59,78,20,172,19.82,195,18.79,238,20.75,137,20.63,113,31.46,219,19.92,322,16.89,213,17.53,25,14.2,12,25.86,183,21.13,288,15.69,301,19.5,31,17.83,18
2012,Arkansas,76.7,138,0.52,94,0.32,127,-0.93,283,0.13,160,1.52,69,0.84,114,1.07,316,33.75,98,16.5,272,16.56,304,25.14,36,23.86,46,17.95,214,33.22,166,32,97,13.59,271,12.17,132,9.01,103,25.99,177,24.61,159,20.39,138,13.39,284,15.62,77
2012,"Arkansas Little Rock",75.39,319,1.5,34,-0.19,215,-1.35,301,-3.41,342,-1.48,287,1.31,75,1.68,172,32.42,129,21.97,96,17.9,276,16.03,304,20.99,124,23.11,54,31.06,226,27.63,207,25.73,34,7.42,283,8.16,151,27.55,127,24.55,163,13.99,326,15.71,162,18.2,14
2012,"Arkansas Pine Bluff",76.23,218,-0.74,266,0.76,95,-0.85,254,0.13,149,0.04,185,0.02,168,2.19,41,27.87,233,24.04,43,20.29,181,22.45,95,23.11,63,10.11,344,30.37,240,30.03,143,15.72,232,13.18,103,10.7,47,30.95,43,24.82,153,16.07,290,16.18,141,11.98,255
2012,"Arkansas St.",76.08,235,-0.97,284,-1.05,272,-0.18,199,-0.2,204,0.52,150,-2.02,304,1.7,167,20.25,334,21.9,102,18.32,266,22.93,80,20.2,158,16.65,252,31.96,205,34.14,57,7.37,339,16.6,34,9.93,69,23.41,269,28.56,50,11.62,341,19.89,22,16.52,42
2012,Army,74.58,342,-1.91,333,-2.53,344,-2.93,344,-1.68,302,-0.48,220,-4.44,342,1.22,293,30.8,166,11.98,336,30.41,2,18.49,247,15.85,307,23.27,52,39.92,41,28.39,192,8.21,337,12.06,134,11.42,35,24.84,224,21.64,270,15.91,297,19.59,28,18.01,17
2012,Auburn,76.7,140,0.93,65,1.77,21,-0.03,191,-0.44,218,-1.47,252,2.7,21,1.9,96,32.86,119,18.58,214,20.67,172,18.18,257,23.45,58,19.12,167,31.59,215,29.29,164,19.96,126,11.43,154,7.73,173,26.35,165,27.63,72,17.49,247,14.06,255,14.47,125
2012,"Austin Peay",76.73,129,-1.05,291,0.08,146,0.59,105,1.13,52,1.52,85,-0.97,241,2.21,36,31.86,139,23.8,51,19.77,200,20.32,181,20.99,125,15.12,291,39.55,45,28.86,173,18.21,178,7.66,278,5.72,263,32.91,22,25.73,129,15.84,298,15.71,163,9.82,330
2012,"Ball St.",75.67,287,0.01,167,-1.19,305,-0.74,250,-0.43,217,-0.47,216,-1.18,255,1.67,178,34.81,73,26.08,17,14.75,335,17.67,271,21.99,92,19.49,157,32.05,202,34.94,44,21.25,98,5.74,322,6.02,250,36.25,4,22.03,256,16.45,277,10.78,333,14.5,122
2012,Baylor,77.08,86,2.16,9,1.99,8,-1.46,309,-0.61,226,-1.47,272,4.15,8,1.54,205,30.05,186,21.96,100,21.61,127,20,194,15.69,314,20.74,109,31.02,228,24.43,268,26.75,22,6.7,300,11.1,39,26.39,163,27.13,81,23.23,49,10.31,335,12.95,206
2012,Belmont,76.22,219,0.93,64,0.32,128,-0.93,268,-0.6,225,-0.17,191,1.25,81,2.12,54,33.63,100,24.83,33,16.81,299,20.05,191,20.13,162,18.18,205,37.25,97,28.56,182,14.56,254,10.89,173,8.74,113,30.56,49,21.54,274,16.51,275,16.02,150,15.37,90
2012,"Bethune Cookman",74.59,341,-2.4,339,-1.06,286,-0.93,266,-3.62,343,-2.48,325,-3.47,332,1.89,103,31.65,143,19.75,181,22.91,88,20.57,169,16.52,289,20.24,133,32.46,189,26.89,222,22.2,86,11.04,168,7.42,186,27.98,109,25.44,138,21.4,112,13.73,270,11.45,275
2012,Binghamton,76.59,156,-0.5,238,0.49,112,0.33,123,0.46,128,0.52,158,-0.01,172,0.95,330,30.9,162,22.41,83,18.8,237,21.7,118,22.25,85,14.83,296,27.91,290,29.47,160,20.25,119,12.38,126,9.99,68,26.3,168,22.07,254,17.87,236,17.06,95,16.71,35
2012,"Boise St.",76.55,165,-0.43,231,0.06,150,0.6,104,0.6,114,0.89,113,-0.36,199,1.21,297,40.91,9,23.67,54,21.05,152,19.63,208,19.7,178,15.96,267,47.02,10,18.92,328,16.32,226,8.3,258,9.44,85,21.89,303,22.47,249,19.62,169,20.16,20,15.86,69
2012,"Boston College",76.73,128,1.42,40,-0.8,259,1.07,70,0.5,121,-1.6,290,0.62,129,0.59,344,30.27,179,21.12,125,23,85,22.83,82,17.84,256,15.21,288,27.41,305,34.53,50,16.58,219,11.9,141,9.58,81,24.99,213,30.25,24,17.82,238,14.64,228,12.28,240
2012,"Boston University",75.99,250,-1.27,307,-0.06,178,1.6,24,-1.08,275,-1.47,266,-1.33,265,1.85,113,29.82,193,15.85,294,25.74,31,24.6,43,17.91,253,15.91,271,31.29,222,26.47,229,21.67,94,10.28,192,10.3,55,30.28,53,21.6,271,18.54,214,15.49,180,14.08,145
2012,"Bowling Green",76.07,238,-0.26,207,0.94,73,2.35,9,0.71,103,-4.37,342,0.68,128,2.14,50,26.36,261,16.32,274,22.26,106,21.07,142,20.07,165,20.27,132,30.97,229,28.38,193,29.91,9,6.63,305,4.11,319,23.6,263,26.12,114,25.6,18,14.51,233,10.17,318
2012,Bradley,77.06,89,0.83,71,-0.06,189,0.02,189,1.13,77,1.36,101,0.76,121,1.6,191,25.65,273,17.45,247,23.05,83,16.78,290,24.53,38,18.19,203,36.34,115,30.47,135,17.99,182,5.81,320,9.39,86,26.67,156,22.41,251,20.29,144,17.18,92,13.45,182
2012,Brown,76.7,137,-1,288,0.35,124,-0.48,222,0.13,153,1.64,49,-0.65,220,1.58,199,27.94,229,20.15,167,14.77,334,18.21,256,22.92,69,23.96,42,38.28,71,33.5,66,13.7,267,6.75,297,7.78,170,30.24,54,19.53,321,16.91,260,15.23,192,18.08,16
2012,Bryant,76.74,124,0.37,121,-0.06,180,-0.93,282,1.13,86,1.53,58,0.31,150,1.33,267,31.03,159,16.24,276,25.67,33,20.96,150,19.18,203,17.95,213,26.14,316,28.65,179,16.91,212,13.57,97,14.73,10,19.34,333,29.81,32,19.03,195,15.6,173,16.22,52
2012,Bucknell,77.11,82,1.38,41,-0.6,246,1.07,72,0.52,117,1.53,61,0.78,119,1.66,183,27.85,234,29.96,2,21.41,133,17.66,272,14.57,333,16.4,258,48.4,7,29.57,155,8.87,333,8.73,240,4.43,308,34.11,14,18.33,336,14.46,319,18.19,54,14.91,107
2012,Buffalo,77.2,70,0.36,122,-0.57,243,-0.39,212,1.13,77,2.53,15,-0.21,190,2.21,37,25.45,276,27.71,10,27.71,9,12.85,340,15.36,320,16.37,260,28.65,279,39.55,17,20.51,111,7.02,292,4.26,313,25.92,179,23.17,222,20.79,129,15.44,181,14.68,117
2012,Butler,76.69,142,1.72,24,-0.3,226,0.07,174,-0.87,255,0.52,149,1.42,71,1.28,280,31.86,138,23.21,62,23.47,70,16.1,302,20.42,152,16.79,250,30.21,243,31.04,123,21.91,90,8.47,250,8.36,135,22.58,282,23.28,219,18.56,212,16.39,123,19.19,8
2012,BYU,77.94,21,0.81,73,1.81,19,1.58,26,1.78,39,2.52,21,2.62,24,1.66,179,33.11,116,23.61,55,26.51,22,15.26,322,18.28,241,16.35,261,39.55,46,16.13,340,19.5,139,20.1,9,4.71,298,28.67,89,19.3,324,18.99,198,19.32,37,13.72,163
2012,"Cal Poly",76.06,239,-1.59,323,-1.06,287,-0.43,215,-0.28,210,0.53,131,-2.65,318,2.3,22,38.89,26,23.11,65,22.02,113,19.77,204,17.35,265,17.76,219,35.48,128,27.51,210,17.76,184,12.59,121,6.65,221,33.5,16,24.2,178,19.21,188,9.45,344,13.65,167
2012,"Cal St. Bakersfield",76.34,197,-0.83,275,0.45,114,-0.92,262,1.13,77,-0.59,234,-0.39,202,2.24,30,30.98,160,22.73,77,18,271,15.61,314,23.53,56,20.13,137,29.88,252,16.24,339,32.29,3,15.26,61,6.33,237,26.89,146,20.9,295,24.54,28,14.86,215,12.8,219
2012,"Cal St. Fullerton",76.15,226,-1.33,311,-1.39,314,-0.93,276,-0.73,237,1.52,91,-2.72,320,2.33,19,23.01,309,17.28,254,17.73,282,27.77,9,20.94,127,16.27,262,32.01,203,36.08,36,19.58,137,7.38,284,4.95,292,25.84,184,24.82,151,20,154,17.92,64,11.41,276
2012,"Cal St. Northridge",75.5,310,-0.05,180,-0.9,265,0.07,145,-1.54,297,-1.82,291,-0.95,239,1.28,279,38.96,25,14.7,312,22.89,89,22.38,99,22.15,87,17.88,217,23.12,333,37.08,30,25.38,39,9.48,222,4.94,293,20.03,328,29.49,36,24.26,32,16.28,132,9.93,329
2012,California,77.34,56,0.91,66,1.04,49,-0.92,261,0.27,143,-0.47,198,1.95,45,1.66,181,21.94,318,16.83,264,20.44,178,24.34,48,21.46,112,16.93,242,37.67,88,30.02,144,12.49,290,12.64,120,7.18,201,25.07,211,19.73,317,23.51,45,19.65,26,12.04,251
2012,Campbell,76.33,199,-0.37,224,-1.2,306,0.07,174,0.13,179,2.14,38,-1.57,282,1.49,230,31.16,153,23.26,60,16.1,313,23.31,68,19.78,173,17.55,225,31.71,211,28.45,185,23.98,69,8.04,263,7.82,167,27.55,128,26.72,96,19.67,167,12.68,303,13.38,187
2012,Canisius,75.94,256,-0.55,250,-2.05,332,-1.93,331,0.13,186,1.52,80,-2.6,314,1.26,289,25.17,283,11.82,338,14.86,332,22.28,102,22.46,77,28.59,5,32.66,185,36.15,34,8.93,332,8.71,241,13.56,15,29.7,65,25.75,128,14.21,323,14.07,254,16.27,50
2012,"Central Arkansas",76.44,178,0.31,125,-0.11,206,0.46,113,0.42,132,-0.18,192,0.2,156,1.71,158,46.23,2,17.66,239,27.7,10,25.4,31,14.85,329,14.39,304,27.64,300,28.41,189,25.29,41,11.4,156,7.26,198,26.97,144,28.18,62,16.61,272,16.4,121,11.84,259
2012,"Central Connecticut",75.41,317,-2.5,341,-0.76,255,-0.6,237,-0.72,236,0.52,143,-3.26,329,1.52,217,25.22,282,23.23,61,16.9,297,21.83,113,26.73,7,11.31,341,36.97,101,32.77,83,15.44,236,6.19,313,8.63,122,31.51,34,25.5,136,18.45,216,11.08,330,13.46,179
2012,"Central Michigan",75.81,266,0.15,140,-0.23,217,-2,334,-1.87,318,0.06,183,-0.08,180,1.31,275,28.18,222,15.06,308,19.24,229,25.95,23,20.8,132,18.96,173,29.97,250,32.24,93,24.51,57,8.58,247,4.7,299,23.25,271,24.31,174,24.64,26,15.76,160,12.04,250
2012,"Charleston Southern",74.23,345,-3.04,344,-1.06,298,-1.39,303,-1.22,281,-3.47,338,-4.11,340,1.09,313,28.52,217,16.16,282,21.85,122,18.42,248,22.03,90,21.53,88,34.07,153,23.4,284,20.41,114,10.41,186,11.71,28,27.76,119,29.53,35,18.37,221,13.54,279,10.79,303
2012,Charlotte,76.85,109,-0.55,248,0.94,84,0.76,97,1.26,50,0.26,179,0.39,144,1.49,233,30.47,173,27.84,9,17.6,287,20.57,167,13.53,340,20.46,123,31.57,216,20.2,318,24.31,62,15.53,52,8.39,132,26.16,174,17.42,341,26.34,14,17.61,74,12.48,233
2012,Chattanooga,76.65,149,-0.23,203,-0.6,247,1.07,70,0.39,136,1.52,91,-0.84,231,2.21,38,32.75,121,20.06,170,18.47,257,24.36,47,20.58,148,16.53,255,27.68,297,31.73,101,18.79,158,13.51,99,8.29,144,27.51,129,21.86,263,21,122,16.06,147,13.57,172
2012,"Chicago St.",75.68,283,-0.18,197,-0.77,257,-0.92,265,-1.57,298,-1.48,282,-0.95,237,2.03,69,26.38,260,23.79,52,16.44,305,19.85,199,19.87,171,20.05,141,30.76,231,20.26,317,24.66,55,17.9,23,6.42,232,30.11,57,22.93,234,24.59,27,12.74,300,9.63,334
2012,Cincinnati,76.28,208,0.26,130,-1.9,331,-0.93,284,-0.07,196,0.52,147,-1.65,290,1.74,149,24.96,288,18.99,200,18.2,268,22.63,89,21.29,118,18.89,177,34.23,146,21.69,307,17.08,205,19.15,14,7.84,165,30.56,50,18.83,332,16.91,259,16.23,138,17.46,25
2012,Clemson,76.48,172,0.88,68,0.26,132,1.07,67,-0.3,211,-2.47,318,1.14,89,1.9,97,32,135,23.16,64,17.79,279,20.77,157,15.68,316,22.61,64,33.17,169,30.19,139,18.56,170,11.15,162,6.93,211,25.43,198,24.57,160,22.19,89,15.74,161,12.07,247
2012,"Cleveland St.",76.26,213,0.07,152,0.94,67,0.28,127,-0.38,214,-2.47,296,1.01,101,1.91,95,31.9,137,17.64,240,19.48,215,19.79,203,23.16,62,19.93,142,35.63,124,23.62,281,25.44,36,7.48,281,7.83,166,30.04,60,23.12,227,19.72,164,13.01,297,14.11,141
2012,"Coastal Carolina",76.66,147,0.91,67,0.94,60,-1.59,318,-0.7,232,1.52,99,1.85,52,2.29,23,24.92,290,16.19,279,24.44,48,17.95,264,19.6,183,21.83,80,38.71,58,28.55,183,11.24,312,9.67,211,11.83,26,24.97,217,27.73,69,18.44,217,15.18,195,13.69,166
2012,Colgate,76.46,177,0.62,86,-0.86,263,0.07,157,-0.87,246,0.52,142,-0.24,192,2.01,73,34.96,67,21.2,121,21,155,20.66,163,18.34,236,18.8,182,37.43,93,25.5,248,18.26,175,12.29,129,6.52,228,29.09,83,22.94,233,19.8,160,16.63,109,11.55,271
2012,"College of Charleston",77.35,55,-0.04,177,1.31,38,1.56,28,-0.87,244,1.52,91,1.26,79,1.42,248,27.1,251,17.81,235,20.2,184,23.12,71,19.36,195,19.5,154,35.05,133,24.4,271,29.58,11,6.83,296,4.15,317,27.48,130,30.55,18,18.79,203,11.55,323,11.63,268
2012,Colorado,77.43,46,1.15,52,-0.03,153,1.07,72,1.48,46,1.53,56,1.11,93,1.68,174,26.62,258,20.22,162,22.65,94,22.39,97,16.28,298,18.46,196,24.59,326,41.96,7,13.66,268,9.79,208,10,67,18.79,336,37.36,1,17,257,13.31,286,13.53,175
2012,"Colorado St.",75.26,323,-2.5,341,-1.46,315,-1.44,306,0.13,181,-0.47,200,-3.96,339,2.15,47,29.21,208,21.17,123,18.78,240,25.53,29,19.44,192,15.09,292,29.3,262,52.45,1,4.02,345,6.86,294,7.37,194,25.08,210,28.3,58,10.9,344,18.72,45,17.01,32
2012,Columbia,76.57,160,0.39,119,0.94,63,-0.31,207,-0.21,205,-1.46,249,1.32,74,1.54,211,32.47,127,20.63,143,14,340,18.21,255,21.9,95,25.26,19,42.93,19,24.63,265,18.57,169,8.24,260,5.63,268,28.91,86,25.97,118,19.45,179,15.59,174,10.09,319
2012,Connecticut,77.74,28,1.64,25,2.44,4,1.99,17,-1.86,307,0.52,158,4.08,11,0.8,336,28.2,220,19.36,189,15.7,321,18.76,240,25.05,27,21.14,102,39.99,40,27.19,216,16.65,218,8.61,244,7.56,177,25.72,186,23.87,190,18.57,211,17.03,96,14.82,112
2012,"Coppin St.",75.51,308,-1.91,332,-0.06,201,0.45,118,-2.87,334,-2.47,307,-1.97,301,2.28,25,28.36,219,19.97,173,20.23,182,16.83,288,23.21,61,19.77,148,26.24,314,32.65,86,24.24,64,6.36,307,10.51,51,21.33,319,30.52,19,21.04,119,15.89,157,11.23,282
2012,Cornell,76.17,224,-0.65,258,-1.51,317,-0.93,273,0.13,164,0.52,144,-2.16,305,1.69,169,30.52,172,20.35,155,19.28,225,21.32,130,18.73,227,20.33,129,38.39,67,21.79,305,9.95,326,18.39,17,11.48,34,18.19,341,29.72,33,16.05,291,15.3,188,20.74,4
2012,Creighton,76.28,209,0.12,145,0.75,96,-0.65,245,-1.45,293,0.52,158,0.87,113,1.53,212,29.86,192,22.9,72,31.03,1,13.59,336,15.22,323,17.26,233,46.84,11,29.54,157,12.24,296,5.74,321,5.64,267,30.89,45,26.89,91,18.32,223,13.86,266,10.04,324
2012,Dartmouth,76.9,106,-1.15,299,-0.06,195,1.07,57,1.46,47,1.9,45,-1.22,259,1.27,284,33.44,103,20.66,140,20.92,160,20.45,174,18.88,218,19.09,168,37.6,89,25.24,256,13.55,272,17.93,22,5.68,264,30.08,58,23.47,212,18.14,228,16.5,115,11.81,260
2012,Davidson,77.84,25,0,169,0.94,73,0.9,93,2.13,26,3.52,3,0.93,107,1.5,226,31.05,157,27.92,8,25.18,36,12.67,342,16.06,303,18.17,207,29.83,253,27.24,214,20.85,106,11.2,161,10.87,46,26.26,169,24.82,152,21.74,103,15.12,196,12.06,248
2012,Dayton,77.07,87,0.5,101,1.65,24,1.14,41,-1.86,309,0.52,171,2.15,39,2.23,33,31.64,144,20.52,147,17.23,292,20.75,159,19.19,202,22.31,70,32.09,201,30.7,128,29.05,13,3.24,344,4.93,294,22.91,279,26.46,107,23.74,39,14.01,258,12.89,209
2012,Delaware,76.25,215,-0.76,269,-0.25,219,-1.47,310,0.13,186,2.52,31,-1.01,245,0.99,323,25.41,277,20.26,160,16.21,312,12.75,341,25.39,23,25.39,18,36.92,106,30.45,136,9.81,328,11.41,155,11.41,36,38,1,20.52,303,10.17,345,15.65,170,15.65,76
2012,"Delaware St.",76.56,164,-0.52,246,-0.35,230,0.07,143,0.13,146,-0.13,188,-0.87,232,1.18,299,21.74,322,17.68,238,21.45,131,21.86,112,23.85,47,15.15,290,32.68,184,32.95,78,13.48,273,13.47,100,7.42,185,27.92,114,27.01,83,16.32,279,10.22,336,18.52,12
2012,Denver,77.44,45,-1.66,326,-1.06,278,1.07,72,3.13,7,4.52,1,-2.72,321,1.59,197,24.79,291,20.68,139,24.13,60,15.62,313,15.62,317,23.96,43,20.1,342,32.5,89,18.09,180,18.09,19,11.23,38,21.36,318,24.41,168,21.69,105,21.69,9,10.84,299
2012,DePaul,76.77,120,1.17,50,1.26,39,-0.41,214,-0.26,207,-0.47,203,2.43,30,1.32,270,36.28,50,9.63,344,28.12,7,23.89,56,20.71,140,17.65,220,30.07,248,28.81,174,16.87,215,12.71,116,11.54,33,29.2,80,28.85,45,15.04,310,13.98,261,12.94,207
2012,Detroit,76.33,201,1.23,47,-0.06,176,-0.6,236,-0.87,259,-2.07,294,1.17,87,2.15,48,26.76,255,20.31,157,21.17,143,20.75,160,21.83,97,15.94,268,38.21,73,22.1,301,20.79,108,9.62,218,9.29,88,29.66,67,18.38,335,20.38,140,17.3,86,14.28,131
2012,Drake,77.15,78,-0.1,188,1.94,13,0.96,92,-0.8,239,-1.47,261,1.84,53,1.5,224,32.17,134,17.24,256,20.89,163,18.1,261,25.66,20,18.11,211,33.1,170,27.33,212,12.86,287,20.8,8,5.91,252,24.82,225,21.24,284,17.8,240,22.67,5,13.47,177
2012,Drexel,77.17,77,0.03,159,-0.57,244,0.07,149,2.13,32,2.08,40,-0.54,209,1.5,225,25.39,278,12.68,331,23.48,69,22.38,98,20,167,21.45,94,35.83,121,19.8,323,30.44,8,7.78,271,6.16,245,30.12,56,22.02,257,23.17,53,11.15,329,13.54,174
2012,Duke,77.57,35,1.96,16,3.15,1,0.07,171,0.13,156,1.17,106,5.11,1,1.51,223,30.42,174,21.76,105,18.46,258,22.21,104,22.53,76,15.04,293,33.69,159,43.25,4,6.86,341,8.32,256,7.87,161,29.25,79,33.15,5,13.99,327,12.03,317,11.58,270
2012,Duquesne,74.92,335,-1.56,322,-1.06,295,-2.5,342,-2.87,335,-0.48,230,-2.62,317,1.66,180,31.45,148,12.79,330,22.23,107,26.51,19,18.61,231,19.87,145,37.54,90,26.8,224,16.42,222,11.12,164,8.11,152,21.38,317,23.34,216,21.83,97,20.42,16,13.04,202
2012,"East Carolina",77.42,47,-0.5,238,1.2,41,1.58,27,1.13,71,2.53,16,0.71,126,1.9,99,33.13,114,24.21,40,20.64,173,12.31,343,22.41,80,20.43,125,32.89,179,33.29,70,21.54,96,6.35,308,5.93,251,28.35,102,30.34,22,21.87,96,10.47,334,8.98,340
2012,"East Tennessee St.",76.81,117,-0.5,238,-0.06,166,0.07,151,0.68,107,2.52,23,-0.56,214,2.51,5,21.82,321,18.54,218,22.54,99,19.67,206,18.74,226,20.51,118,31.95,206,21.25,310,24.91,52,12.73,115,9.15,96,22.24,293,21.94,260,26.24,15,14.93,211,14.65,118
2012,"Eastern Illinois",75.91,258,-1.19,301,-0.36,231,-1.33,300,0.13,186,1.52,77,-1.56,280,1.86,111,34.37,82,22.39,86,16.72,300,20.45,173,13.48,342,26.95,11,41.09,29,35.19,42,10.23,325,4.81,336,8.69,118,29.29,77,25.28,141,15.96,295,13.5,281,15.96,64
2012,"Eastern Kentucky",76.51,171,-0.29,213,-0.06,179,0.45,116,0.79,98,1.08,108,-0.35,197,1.89,105,30.01,189,18.54,217,24.3,52,22.97,77,16.08,302,18.11,210,41.09,28,26.05,241,15.38,237,11,170,6.48,231,28.58,94,17.89,337,20.97,124,18.21,53,14.35,128
2012,"Eastern Michigan",76.65,148,1.48,36,-1.05,271,-0.93,288,0.7,104,-1.47,267,0.43,141,2.13,51,39.19,23,15.44,302,14.72,336,20.52,171,20.7,141,28.62,4,31.15,225,32.91,79,14.86,248,13.21,102,7.87,162,26.13,176,26.97,86,18.15,227,17.54,77,11.21,283
2012,"Eastern Washington",75.8,268,-0.59,256,0.94,84,1.25,39,-2.1,325,-1.48,286,0.35,147,2.38,14,27.83,235,17.78,236,19.47,216,26.89,17,24.28,43,11.58,336,38.89,53,32.71,85,12.44,291,6.74,298,9.22,91,29.25,78,29.88,30,13.93,328,16.37,125,10.56,311
2012,Elon,77.21,69,0.43,113,0.94,59,2.01,16,0.34,139,-1.47,260,1.37,72,1.24,292,29.61,199,23.85,50,16.43,306,17.2,279,20.91,128,21.61,84,29.56,257,22.07,302,25.98,30,16.03,42,6.36,235,21.9,302,24.41,169,23.06,57,16.39,124,14.25,136
2012,Evansville,75.92,257,-1.56,321,-1.06,284,0.07,153,-0.05,194,0.52,151,-2.62,316,1.94,88,26.17,266,16.07,285,27.05,16,24.33,49,18.98,213,13.57,318,38.16,75,17.03,337,4.62,344,18.56,16,21.64,1,24.97,216,23.31,217,13.64,331,14.25,245,23.83,1
2012,Fairfield,75.27,322,-0.37,223,-1.06,298,-0.92,263,-2.05,323,-2.86,329,-1.43,271,1.95,85,31.06,156,19.85,178,24.07,62,20.98,148,18.2,244,16.9,244,24.25,328,32.95,77,25.21,45,7.76,272,9.84,75,22.02,300,25.57,135,22.62,72,15.03,203,14.75,115
2012,"Fairleigh Dickinson",76.68,143,-0.37,222,0.33,126,0.61,103,1.13,61,-0.65,235,-0.04,176,2.16,44,32.2,133,22.78,75,19.29,223,18.34,253,23.38,59,16.22,263,27.84,291,32.86,82,20.45,112,10.5,181,8.34,138,31.39,36,22.87,235,20.82,127,14.25,244,10.67,306
2012,FIU,76.27,211,1.52,28,-1.52,318,-0.93,272,-3.09,339,-2.48,325,0,170,1.68,173,28.44,218,11.94,337,15.03,329,26.18,21,24.69,32,22.15,74,27.37,307,22.71,293,17.19,201,27.09,3,5.65,266,22.3,292,24.4,170,16.7,266,26.23,1,10.36,314
2012,Florida,75.72,276,0.98,60,-0.66,253,-0.93,290,0.13,180,-3.47,335,0.32,149,1.49,232,25.28,281,20.77,135,15.2,326,22.96,78,20.76,136,20.32,130,29.28,264,39.7,14,15.06,241,8.83,239,7.13,204,23.88,253,26.03,115,24.32,30,12.39,309,13.38,188
2012,"Florida A&M",75.57,302,-0.98,286,-0.06,182,-1.5,315,-2.41,327,-1.48,288,-1.04,247,1.76,148,38.73,28,19.19,193,21.29,138,16.8,289,22.44,79,20.27,131,32.97,176,32.71,84,18.36,174,9.86,206,6.08,248,25.65,190,28.66,47,23.04,60,12.02,318,10.64,307
2012,"Florida Atlantic",74.66,340,-1.41,313,-1.32,312,-0.93,281,-1.37,287,-5.47,345,-2.73,322,1.76,147,42.95,4,16.67,267,16.28,311,24.21,53,26.01,15,16.83,249,34.09,151,28.4,190,14.29,258,15.43,54,7.79,168,25.28,204,23.72,201,20.44,137,16.46,117,14.1,143
2012,"Florida Gulf Coast",76.86,108,0.08,151,0.65,101,-0.37,209,0.62,111,2.52,26,0.73,123,0.97,327,37.02,41,17.34,250,15.17,327,24.67,41,22.35,81,20.47,121,23,334,23.34,285,24.2,66,16.47,36,12.99,21,18.78,338,21.07,290,23.91,35,19.46,33,16.78,34
2012,"Florida St.",78.44,5,2.19,7,1.94,9,1.07,68,3.13,2,2.7,11,4.13,9,2.37,16,33.16,113,20.39,152,21.06,151,20,195,20,169,18.56,192,37.08,100,35.22,41,9.74,329,9.72,210,8.24,147,27.19,140,26.01,117,16.53,274,16.52,111,13.75,161
2012,Fordham,76.21,220,0.53,93,0.39,119,-0.56,230,-0.87,247,-1.47,264,0.91,109,1.31,274,23.71,303,16.11,284,27.62,12,16.18,300,21.5,107,18.59,191,38.04,78,35.33,39,7.86,338,8.59,246,10.18,58,33.33,18,30.4,21,12.41,337,11.04,331,12.82,216
2012,"Fresno St.",75.99,248,-1.08,294,-0.27,221,-1.41,305,0.13,186,1.52,83,-1.35,267,1.84,119,20.43,333,20.75,137,21.09,148,15.6,315,13.99,337,28.57,6,34.02,156,27.44,211,16.47,221,13.9,91,8.17,150,29.65,68,19.61,318,18.69,207,17.06,94,14.99,105
2012,Furman,77.04,92,0.5,99,1.18,43,1.07,62,1.13,69,-0.79,239,1.69,61,1.8,132,40.06,17,20.55,146,21.23,139,22.05,107,17.99,249,18.19,204,36.15,118,25.33,251,19.12,149,12.92,110,6.48,230,21.09,322,19.03,328,26.93,8,19.5,32,13.46,180
2012,"Gardner Webb",75.11,329,-0.68,259,-0.06,201,-1.86,322,-0.87,267,-1.99,293,-0.74,226,1.4,252,37.11,40,18.27,222,17.88,277,25.06,37,20.17,159,18.62,190,34.57,142,29.32,163,25.23,44,5.84,319,5.04,285,23.49,266,22.53,248,27.11,7,11.94,320,14.93,106
2012,"George Mason",76.37,192,0.26,128,-0.06,169,-0.19,200,0.13,157,-0.98,242,0.2,155,1.54,209,31.85,140,20.48,150,26.91,18,19.94,197,17.15,271,15.52,279,37.75,85,33.35,68,15.96,227,7.37,285,5.57,271,27.65,125,31.18,15,14.54,317,13.66,273,12.97,204
2012,"George Washington",77.52,38,0.4,117,1.36,36,1.07,60,2.1,34,1.63,50,1.75,58,2.08,60,34.47,81,15.73,296,20.58,176,22.1,106,18.82,222,22.78,61,25.47,321,18,330,31.34,5,16.73,31,8.45,129,23.13,275,23.79,194,22.99,61,18.86,43,11.23,281
2012,Georgetown,78.47,4,0.45,112,1.94,15,4.07,1,0.91,94,2.52,26,2.39,34,1.42,246,28.06,225,23.08,67,17.93,275,17.93,265,19.26,198,21.8,81,28.61,282,24.02,277,24.02,68,14.65,70,8.7,116,23.55,264,23.11,228,23.11,56,16.77,103,13.45,181
2012,Georgia,76.37,191,0.82,72,0.94,57,-0.37,208,-1.16,280,-0.48,225,1.76,57,1.57,203,29.4,202,16.2,278,16.31,309,23.86,58,26.4,11,17.23,234,37.88,80,32.28,92,18.67,162,7.8,270,3.37,331,18.09,342,26.52,101,22.66,71,19.09,40,13.64,168
2012,"Georgia Southern",75.28,321,-1.15,298,-0.86,262,-1.93,332,-0.19,200,-1.47,273,-2.01,303,1.58,200,30.37,175,20.16,165,17.94,273,21.45,126,20.1,163,20.35,127,33.17,168,34.4,55,12.37,292,11.5,153,8.56,127,24.49,237,26.92,90,18.3,224,18.58,48,11.71,265
2012,"Georgia St.",76.08,234,-1.2,302,-1.06,292,1.07,72,1.8,38,-1.47,271,-2.26,310,2.27,26,22.86,312,21.15,124,18.41,262,18.54,244,19.31,197,22.59,65,37.74,86,22.22,299,18.58,168,13.95,89,7.51,179,24.49,236,24.45,167,25.47,19,16.25,136,9.34,337
2012,"Georgia Tech",77.47,42,1.2,49,-0.29,223,1.07,72,0.66,109,0.54,119,0.91,110,1.39,254,31.33,151,17.69,237,22.76,91,24.73,40,17.21,269,17.61,221,28.81,276,34.48,54,19.2,144,8.44,253,9.08,99,27.67,124,17.44,340,22.89,67,17.92,63,14.07,147
2012,Gonzaga,77.03,94,2.28,6,1.05,48,1.39,36,-0.87,266,-0.47,199,3.34,17,1.35,263,32.57,126,24.29,39,23.26,75,13.8,334,21.15,119,17.51,226,32.12,198,33.69,62,24.77,53,5.55,324,3.87,324,25.88,181,32.51,8,18.38,220,12.26,313,10.97,296
2012,"Grambling St.",75.71,280,1.97,15,-0.2,216,-0.47,218,-3.03,338,-3.47,337,1.77,56,1.18,298,36.17,51,16.54,269,18.75,243,29.78,5,16.08,301,18.84,179,35.64,123,22.65,294,17.07,206,13.03,106,11.6,31,28.4,99,21.39,281,20.11,149,15.83,158,14.27,134
2012,"Green Bay",76.81,115,2.67,3,1.08,46,-0.77,253,-0.63,227,-1.47,276,3.76,13,1.12,308,31.15,154,25.87,19,18.68,248,14.17,331,19.06,210,22.22,71,37.49,92,29.85,148,16.34,225,9.13,234,7.19,200,31,40,30.82,16,14.79,313,11.24,326,12.16,244
2012,Hampton,77.17,75,0.63,84,0.43,115,-0.9,257,0.78,99,0.53,136,1.06,98,2.44,8,28.81,213,19.25,192,15.72,319,27.85,8,17.08,272,20.11,140,36.43,114,32.64,87,6.64,342,12.42,124,11.87,25,30.7,47,22.59,246,16.27,282,13.97,262,16.47,43
2012,Hartford,75.02,333,-1.17,300,-0.06,204,-2.19,337,-1.26,282,-1.48,283,-1.23,260,1.17,301,30.19,182,20.36,153,23.43,71,15.93,306,15.36,319,24.92,25,29.38,260,30.13,140,15.28,238,16.07,41,9.15,95,23,276,23.78,195,18.81,202,18.06,60,16.35,47
2012,Harvard,76.76,122,-0.96,282,-0.32,227,1.07,72,0.87,95,1.52,72,-1.28,262,1.72,155,30.03,187,23.9,48,24.18,58,19.35,217,15.72,311,16.85,246,39.15,49,34.71,48,16.97,210,7.06,291,2.11,343,35.97,5,27.16,80,13.72,329,13.1,294,10.05,323
2012,Hawaii,76.95,100,0.76,76,0.94,73,2.51,8,-1.69,303,-2.47,315,1.7,59,1.82,127,35.11,63,23.94,47,23,86,22.78,83,16.38,294,13.9,311,40.13,37,27.19,215,18.17,179,9.4,226,5.1,284,34.37,12,22.07,255,18.91,200,13.84,267,10.82,301
2012,"High Point",75.74,274,-0.5,235,-0.44,235,-0.93,285,0.13,169,-0.8,240,-0.94,235,1.9,98,31.48,147,10.38,342,18.42,260,27.31,11,28.55,3,15.33,285,19.94,343,42.26,6,11.77,305,14.37,77,11.66,29,22.53,285,28.5,52,14.18,324,21.48,11,13.31,195
2012,Hofstra,76.04,243,-1.06,292,-0.41,233,1.07,86,-0.27,208,-2.47,298,-1.47,275,2.12,55,29.49,201,14.18,318,21.87,121,30.16,2,19.99,170,13.79,314,36.83,108,25.32,253,21.15,100,12.03,137,4.67,301,26.81,150,21.65,269,21.68,107,16.26,133,13.59,171
2012,"Holy Cross",75.84,265,0.5,101,0.61,104,-0.65,243,-0.87,257,-2.47,299,1.11,94,1.65,185,33.31,107,20.85,129,14.95,330,20.4,176,27.77,5,16.02,265,29.65,255,29.28,165,25.39,37,10.38,188,5.3,280,24.95,219,29.99,28,19.81,159,14.13,252,11.12,287
2012,Houston,76.79,118,-0.06,181,-0.06,168,0.61,101,1.13,86,0.21,180,-0.12,186,1.13,307,25.8,272,21.96,98,24.73,43,23.89,55,16.29,297,13.13,325,36.48,112,28.28,196,19.91,127,9.66,215,5.68,265,28.3,103,24.91,147,21.11,118,14.97,208,10.72,304
2012,"Houston Baptist",75.21,325,1.37,43,-0.11,207,-2.1,336,-2.75,332,-4.47,343,1.25,80,1.44,241,41.59,6,22.85,73,23.02,84,20.96,151,19.76,175,13.42,323,39.65,43,22.74,292,17.49,193,9.99,201,10.13,61,25.36,200,26.47,105,22.43,79,14.65,227,11.08,291
2012,Howard,76.72,134,0.62,85,0.5,110,0.16,134,0.74,101,0.04,184,1.13,92,0.96,328,42.33,5,12.83,329,17.52,289,21.71,116,22.95,68,24.98,24,29.21,267,29.13,167,20.34,116,12.52,123,8.8,112,26.18,173,21.93,261,17.14,255,18.88,42,15.88,68
2012,Idaho,76.11,229,1.17,51,0.1,141,-1.39,304,-2.06,324,-0.48,230,1.27,78,2.06,61,26.2,265,20.91,127,19.39,220,21.16,136,19.74,177,18.81,180,29.23,266,33.02,75,21.1,101,11.7,147,4.96,290,28.81,87,24.75,154,21.31,114,14.03,256,11.1,288
2012,"Idaho St.",75.99,251,1.73,23,-0.12,209,-0.5,224,-1.87,319,-0.48,226,1.6,65,2.24,31,23.93,301,12.91,328,19.45,218,18.14,259,25,30,24.5,33,38.09,77,23.02,289,21.75,93,9.29,228,7.85,164,31.78,30,21.78,267,24.73,24,9.54,343,12.18,241
2012,Illinois,77.39,51,4.03,1,0.18,136,0.07,161,0.37,137,0.53,132,4.21,7,1.43,244,28.04,226,23.08,68,17.75,281,25.14,35,20.16,161,13.88,312,33.06,171,31.26,115,13.8,265,12.2,131,9.67,79,31.87,28,21.08,289,21.02,121,12.42,308,13.61,169
2012,"Illinois Chicago",76.56,163,0.05,157,0.94,53,-0.87,256,-0.87,251,0.53,124,0.99,103,1.78,137,23.54,307,22.6,79,18.79,239,15.08,324,22.32,83,21.21,100,39.31,47,29.81,149,17.39,198,4.92,332,8.58,125,28.43,97,25.58,134,12.62,336,17.28,87,16.09,60
2012,"Illinois St.",76.11,228,0.65,82,0.94,51,0.33,125,-2.03,322,-2.47,314,1.59,67,1.4,253,28.67,216,22.17,93,20.85,166,22.24,103,17.32,266,17.43,229,41.31,26,28.92,171,15.81,230,9.66,213,4.31,310,33.39,17,27.56,73,16.89,261,10.84,332,11.32,279
2012,Indiana,78.08,14,1.51,31,2.94,2,1.56,29,2.47,14,0.53,133,4.44,5,1.61,190,30.67,171,25.25,28,18.15,269,18.97,232,18.3,240,19.32,162,33.06,172,21.04,312,21.76,92,19.84,11,4.3,312,25.9,180,25.79,126,18.42,218,18.12,58,11.77,262
2012,"Indiana St.",76.73,125,-0.28,212,-1.6,322,0.07,176,1.13,66,2.52,22,-1.88,299,1.96,83,32.8,120,21.68,106,20.93,158,20.31,182,24.61,35,12.47,332,34.87,139,27.9,201,10.4,322,16.7,32,10.12,62,19.78,331,21.51,275,21.79,100,23.88,4,13.04,201
2012,Iona,75.12,328,-1.5,314,-1.6,324,-2.23,338,-1.71,305,-0.47,202,-3.1,328,2.4,13,27.68,241,22.94,70,16.86,298,19.81,201,19.16,205,21.22,99,38.11,76,24.21,274,12.97,282,14.33,78,10.38,54,29.58,69,21.41,280,15.7,300,19.29,39,14.03,148
2012,Iowa,77.5,39,-0.76,268,-0.3,225,1.07,72,3.13,2,1.53,54,-1.05,248,1.51,222,31.17,152,21.43,117,20.7,171,20.62,165,20.62,147,16.63,253,34.07,152,31.57,105,13.15,276,13.15,104,8.05,156,26.95,145,25.82,123,15.98,294,15.98,153,15.27,94
2012,"Iowa St.",76.91,105,-0.11,192,-0.64,251,-0.93,267,1.13,77,2.22,35,-0.75,227,1.89,100,24.46,297,21.52,113,20.99,156,15.18,323,22.08,88,20.23,134,33.39,165,35.75,37,10.44,320,4.2,339,16.21,7,28.65,90,29.39,38,14.5,318,12.57,306,14.89,109
2012,IPFW,76.24,216,0.67,78,0.27,130,1.07,72,-1.15,279,-2.47,305,0.94,105,1.71,159,38.48,29,24.03,44,22.01,114,27.09,14,14.52,334,12.34,333,31.7,212,28.8,175,21.92,89,15.29,60,2.29,342,24.15,243,21.01,292,23.22,52,18.91,41,12.71,225
2012,IUPUI,76.29,207,-1.05,290,-0.06,184,0.23,131,-0.87,262,-0.45,195,-1.11,250,1.77,139,27.23,249,18.81,207,24.68,44,20.57,168,18.38,234,17.57,224,33,175,28.3,195,23.43,75,7.74,274,7.53,178,25.87,182,22.65,243,19.5,176,15.7,164,16.28,49
2012,"Jackson St.",75.57,303,-0.81,273,0.41,117,-0.17,198,-2.48,328,-2.47,310,-0.41,204,1.22,295,40.06,16,18.85,205,19.64,205,21.45,125,28.67,2,11.38,338,24.06,329,20.32,316,27.56,18,14.53,74,13.53,16,23.29,270,25.61,133,23.26,48,15.01,206,12.84,214
2012,Jacksonville,74.33,344,-2.41,340,-2.06,335,-1.48,311,-2.65,330,-2.48,322,-4.47,343,1.77,141,33.26,109,19.95,175,22,115,13.15,338,26.1,14,18.8,181,34.1,150,26.74,225,17.09,204,13.06,105,9.01,104,27.93,113,25.93,120,20.64,132,12.7,302,12.79,220
2012,"Jacksonville St.",75.44,316,-2.23,337,-0.78,258,-1.27,298,-0.52,222,0.53,127,-3.01,326,1.44,242,37.86,35,20.34,156,21.08,149,16.64,291,21.48,110,20.46,124,29.15,271,29.9,147,24.4,59,8.9,237,7.65,174,26.59,159,24.31,175,19.31,183,12.72,301,17.08,30
2012,"James Madison",76.6,154,-0.29,214,-0.06,167,1.07,56,2.13,21,-2.47,311,-0.35,198,1.88,107,29.17,209,15.92,293,24.4,50,20.05,192,16.05,304,23.58,49,30.12,246,17.59,331,23.91,71,21.44,7,6.94,210,23.91,251,23.48,211,22.95,66,18.12,57,11.54,272
2012,Kansas,78.18,11,1.82,20,0.1,144,1.07,72,2.13,19,3.05,10,1.92,47,2.19,40,22.67,314,23.69,53,20.41,179,14.66,328,16.66,285,24.58,32,34.49,144,37.21,26,17.12,203,7.97,265,3.2,336,33.81,15,30.19,26,12.39,338,13.67,271,9.94,328
2012,"Kansas St.",76.93,104,1.53,27,0.53,106,0.38,120,0.99,90,0.44,173,2.06,40,1.45,238,35.08,65,20.96,126,18.75,244,22.53,91,18.52,232,19.25,163,38.02,79,28.74,176,20.17,122,6.26,309,6.8,218,28.46,96,26.51,102,18.02,232,11.74,321,15.28,93
2012,"Kennesaw St.",76.08,233,-1.28,308,-0.06,156,1.52,32,-1.47,296,0.52,158,-1.34,266,1.78,138,20.91,330,20.09,169,22.16,109,13.11,339,21.5,108,23.14,53,34.92,137,32.2,94,13.11,280,9.62,217,10.14,60,28.76,88,28.37,57,17,258,13.02,296,12.85,213
2012,"Kent St.",76.96,99,0.52,95,0.76,94,0.07,162,0.13,152,1.52,73,1.28,77,2.42,10,28.14,223,21.77,104,22.96,87,15.87,307,16.91,277,22.49,67,32,204,32.99,76,11.88,302,14.53,75,8.61,123,28.26,104,22.99,230,15.52,305,18.17,55,15.06,102
2012,Kentucky,78.82,2,1.37,42,2.45,3,3.07,3,2.13,16,2.52,17,3.82,12,0.77,340,21.58,323,20.64,142,21.55,128,19.51,213,21.36,114,16.93,240,34.04,155,27.16,217,19.79,133,14.33,79,4.68,300,34.69,9,21.46,278,16.61,271,16.72,106,10.52,312
2012,"La Salle",75.85,264,0.11,146,-1.06,288,-1.93,327,0.13,186,0.52,146,-0.95,238,1.31,272,24.3,298,20.3,158,20.9,162,19.42,215,18.84,220,20.54,116,55.27,2,14.63,342,10.62,319,11.04,167,8.43,130,32.45,26,21.07,291,16.44,278,14.85,216,15.18,95
2012,Lafayette,77.13,79,0.15,141,0.94,54,0.45,117,1.13,67,1.35,102,1.09,96,1.86,110,34.61,77,16.27,275,26.54,21,20.38,178,21.4,113,15.39,283,29.24,265,35.37,38,20.03,124,5.32,328,10.04,66,19.96,329,22.84,239,24.34,29,17.18,91,15.67,75
2012,Lamar,75.65,290,-0.79,271,-1.06,282,-1.93,329,-0.87,260,0.52,155,-1.85,297,2.63,1,32.32,131,12.94,327,18.8,238,18.42,249,26.33,12,23.51,50,28.64,280,19.06,326,26.54,24,15.32,59,10.45,52,23.66,261,19.59,319,23.22,51,15.36,185,18.17,15
2012,Lehigh,76.58,159,-0.48,234,-0.06,170,-0.52,228,-0.06,195,0.52,140,-0.54,211,1.8,130,33.98,93,21.62,108,17.6,288,20.42,175,25.86,19,14.51,301,38.19,74,17.14,336,18.61,166,17.23,27,8.83,111,21.54,310,23.78,196,19.87,158,21.69,10,13.11,199
2012,Liberty,76.42,182,-0.89,278,-0.06,201,0.07,154,0.93,92,0.68,117,-0.96,240,1.59,195,20,335,17.59,244,21.97,116,19.51,212,19.49,188,21.44,95,25.7,318,23.09,288,13.15,277,32.18,2,5.87,256,21.39,316,20.56,302,16.24,283,25.59,2,16.22,53
2012,Lipscomb,75.61,297,-1.54,320,-2.06,337,0.07,176,0.25,144,-0.94,241,-3.6,334,1.26,287,40.7,11,19.8,179,19.8,196,15.3,320,24.3,41,20.8,107,38.63,60,24.49,267,15.95,228,10.01,197,10.92,44,33.24,19,17.56,339,14.7,316,15.56,175,18.94,10
2012,"LIU Brooklyn",74.45,343,-1.5,314,0.79,92,-2.85,343,-3.87,345,-1.48,288,-0.71,225,1.98,80,24.95,289,26.87,14,25.72,32,14.59,329,15.82,308,17,239,33.81,158,34.73,47,13.4,275,10.01,198,8.06,155,32.72,25,32.05,10,14.4,320,11.17,328,9.65,333
2012,"Long Beach St.",76.47,174,-0.4,228,0.94,65,1.54,30,-1.86,308,-1.48,285,0.54,136,2.44,9,20.89,331,17.35,248,18.48,256,19.35,218,18.66,229,26.15,14,32.77,183,22.29,298,26.45,25,12.68,117,5.81,261,29.09,84,21.76,268,20.3,143,17.83,66,11.02,294
2012,Longwood,76.1,231,-1.21,303,0.05,151,0.07,168,0.13,161,0.52,141,-1.16,254,2.2,39,21.23,326,10.92,341,27.9,8,22.45,94,19.81,172,18.92,176,24.56,327,34.52,51,17.42,195,14.61,71,8.89,109,25.17,209,32.66,7,18.03,231,13.54,278,10.6,309
2012,"Louisiana Lafayette",76.44,181,-0.55,249,-1.36,313,-0.93,278,0.43,131,2.22,36,-1.9,300,1.84,120,39.34,22,21.58,111,22.2,108,21.07,143,17.06,273,18.09,212,25.56,320,26.5,228,25.23,43,12.83,113,9.87,73,23.23,273,26.82,93,21.91,94,16.29,129,11.76,263
2012,"Louisiana Monroe",75.69,282,-0.04,175,-1.82,328,-1.49,314,-0.88,270,0.52,158,-1.86,298,1.63,187,40.55,14,14.32,315,16.31,310,21.1,140,23.09,64,25.19,22,40.07,38,23,290,16.36,224,10.49,182,10.09,64,26.74,153,21.21,287,19.88,157,16.31,128,15.86,70
2012,"Louisiana Tech",76.38,188,0.53,91,-1.06,285,-0.64,242,0.13,178,1.53,59,-0.53,208,1.32,268,36.1,53,19.13,195,20.82,168,13.52,337,25.01,29,21.52,90,34.05,154,22.76,291,18.9,156,14.17,84,10.11,63,21.66,306,26.96,88,22.01,91,14.36,238,15.02,104
2012,Louisville,76.2,221,0.95,63,-0.77,256,-1.92,324,-1.87,311,-0.48,228,0.18,157,1.76,146,18.27,340,15.98,291,19.67,204,20.34,179,24.59,36,19.42,161,35.45,129,33.89,58,11.73,307,12.35,127,6.58,227,28.58,93,27.69,70,14.21,322,15.23,191,14.28,133
2012,"Loyola Chicago",76.98,98,-0.34,219,0.48,113,0.53,108,2.13,26,1.34,103,0.13,161,1.35,262,30.84,165,25.19,30,28.61,5,16.19,299,16.22,300,13.78,315,27.24,308,31.22,118,25.35,40,10.3,191,5.88,255,28.23,106,26.97,85,19.64,168,12.35,310,12.81,218
2012,"Loyola Marymount",76.47,176,-0.28,211,0.74,97,1.07,64,1.54,44,-1.48,284,0.46,139,1.57,201,37.4,37,18.56,215,18.61,249,21.14,137,16.81,280,24.88,28,28.57,283,29.55,156,18.93,155,11.95,139,11.01,42,24.31,241,25.08,143,20.38,139,16.4,122,13.82,157
2012,"Loyola MD",76.6,155,0.95,62,0.94,71,0.07,148,0.13,150,-3.47,332,1.89,50,1.57,202,27.62,244,15.93,292,19.51,212,23.83,59,25.45,22,15.27,286,22.67,337,26.18,237,22.26,83,19.18,13,9.71,78,28.37,100,26.46,108,20.48,135,14.72,220,9.98,327
2012,LSU,76.52,169,1.75,22,1.89,18,1.44,34,-3.01,337,-2.48,320,3.64,15,1.28,281,32.44,128,25.2,29,22.4,102,20.29,183,13.17,343,18.94,174,39.56,44,34.49,53,10.68,318,7.9,267,7.37,193,25.2,207,28.62,49,19.05,194,16.01,151,11.13,286
2012,Maine,75.72,278,-0.27,210,-0.12,208,-0.93,294,-1.87,310,-2.47,300,-0.39,201,1.7,165,28.96,212,16.96,262,19.94,190,25.83,25,24.28,42,12.98,327,34.61,141,25.08,261,16.55,220,15.18,63,8.58,124,27.39,133,23.62,206,16.83,264,17.43,81,14.73,116
2012,Manhattan,76.35,196,-1.65,325,-0.63,250,0.07,163,0.13,147,1.53,62,-2.29,311,1.56,204,37.01,42,17.15,259,19.25,227,22.93,79,23.08,65,17.58,223,36.72,111,22.54,296,15.46,235,12.55,122,12.73,24,22.09,298,25.17,142,22.79,69,18.36,51,11.59,269
2012,Marist,75.64,294,0.55,90,-1.06,291,1.07,72,-0.87,264,-2.87,330,-0.51,207,0.86,334,29.78,196,15.52,300,21.4,134,22.3,101,22.44,78,18.33,200,38.39,68,24.92,264,19.44,140,11.08,166,6.18,242,30.06,59,24.17,180,23.22,50,12.19,314,10.36,313
2012,Marquette,76.18,223,-0.76,270,-0.06,185,-0.38,210,0.13,171,1.29,104,-0.83,230,1.67,176,27.92,231,19.36,190,24.26,56,18.4,251,26.64,9,11.34,340,38.42,66,21.83,304,22.36,80,9.99,199,7.4,190,21.54,311,31.36,14,19.44,181,15.34,187,12.32,239
2012,Marshall,77.08,85,1.51,30,1.17,44,0.26,128,1.13,63,-1.47,270,2.69,23,2.1,58,26.16,267,12.56,333,19.14,230,21.36,129,23.06,66,23.88,46,27.76,294,40.09,10,14.35,255,12.83,114,4.98,288,25.64,191,32.83,6,12.83,334,17.61,73,11.1,289
2012,Maryland,77.82,26,2.02,13,0.86,88,0.43,119,1.13,53,1.52,68,2.87,19,1.25,291,29.79,195,13.5,323,19.53,211,16.34,297,16.79,281,33.84,1,29.29,263,39.63,15,14.31,256,11.55,149,5.22,281,24.43,238,19.93,312,20.12,147,19.61,27,15.91,66
2012,"Maryland Eastern Shore",77.18,74,1.1,54,0.07,149,0.46,114,2.13,26,0.53,134,1.17,88,1.79,135,36.34,49,14.95,310,23.17,79,20.81,155,19.37,194,21.69,82,34.81,140,30.68,129,18.48,171,10.47,183,5.56,272,28.35,101,24.99,145,20.08,150,14.08,253,12.5,232
2012,Massachusetts,77.11,81,0.22,134,1.41,30,1.07,53,3.13,7,-2.47,312,1.63,63,1.52,219,29.23,207,17.05,260,20.93,159,19.06,230,18.23,243,24.73,31,36.44,113,23.75,279,17.64,186,12.01,138,10.16,59,25.71,187,28.65,48,16.88,262,12.64,304,16.12,56
2012,"McNeese St.",76.39,186,0.19,137,-1.06,290,-0.4,213,0.13,148,1.52,82,-0.87,234,1.89,102,26.56,259,16.53,271,17.02,295,28.39,7,18.96,214,19.09,169,33.05,173,27.61,208,18.67,163,9.63,216,11.05,41,26.7,154,22.68,242,21.83,98,11.26,325,17.54,24
2012,Memphis,77.27,62,0.33,124,0.78,93,1.73,21,1.27,49,0.53,130,1.11,95,1.27,282,30.21,181,17.29,253,21.17,144,24.41,46,16.97,276,20.15,136,30.73,233,32.48,90,25.39,38,6.05,316,5.34,278,19.87,330,21.85,265,26.34,13,18.09,59,13.85,155
2012,Mercer,78.03,18,0.8,74,0.08,147,2.07,14,2.13,17,2.36,34,0.88,112,1.54,208,26.67,256,22.58,80,21.67,126,17.72,270,18.85,219,19.18,165,35.49,127,22.65,295,20.24,120,8.48,249,13.14,20,23.42,267,20.19,308,21.69,106,18,61,16.7,36
2012,"Miami FL",77.23,64,2.1,11,0.5,111,0.52,109,-0.87,241,-0.47,205,2.6,27,1.79,133,34.94,70,23.28,58,18.69,247,17.02,284,22.28,84,18.73,183,34.12,148,28.6,180,14.64,252,16.24,38,6.39,233,25.75,185,21.96,259,20.04,152,18.64,47,13.61,170
2012,"Miami OH",77.18,72,0.48,109,1.94,15,1.79,19,-0.95,272,0.52,158,2.42,31,1.29,278,26.13,269,19.79,180,23.62,65,19.6,209,16.87,279,20.12,139,26.84,311,26.06,240,30.9,7,9.4,227,6.81,217,22.11,297,28.43,55,23.56,44,12.12,316,13.78,160
2012,Michigan,76.52,168,-0.03,174,-1.06,280,0.07,169,1.13,68,1.52,81,-1.09,249,1.54,207,16.67,343,20.24,161,24.12,61,16.48,294,15.02,327,24.14,37,42.99,18,20.12,319,18.94,153,7.88,269,10.06,65,30.4,51,19.41,323,18.71,206,16.13,144,15.35,91
2012,"Michigan St.",76.89,107,-0.19,199,0.13,138,1.07,61,-0.41,215,0.53,125,-0.06,178,1.71,162,32.34,130,23.09,66,25.61,34,15.32,319,17.71,257,18.28,201,33.04,174,26.33,232,23.89,72,11.8,145,4.95,291,22.14,296,35.67,2,16.32,280,12.33,312,13.53,176
2012,"Middle Tennessee",76.41,184,0.03,162,0.34,125,-0.93,277,0.13,165,0.15,181,0.37,146,2.05,63,33.06,117,27.55,12,22.42,101,12.17,344,18.99,212,18.87,178,31.41,221,31.44,110,10.69,317,19.62,12,6.84,215,29.35,73,20.11,309,19.45,180,21.03,13,10.06,322
2012,Milwaukee,76.72,132,0.03,164,1.21,40,-0.47,219,0.64,110,0.94,112,1.23,83,2.14,49,28.69,215,20.16,166,22.66,93,19.93,198,18.89,217,18.37,199,23.23,332,32.53,88,19.42,141,14.26,80,10.55,49,22.43,288,20.48,304,22.52,74,20.35,18,14.22,137
2012,Minnesota,77.37,53,1.8,21,1.06,47,0.07,159,1.13,70,1.9,44,2.86,20,1.14,305,39.6,21,16.82,265,21.21,140,19.34,219,21.97,94,20.66,111,31.06,227,26.86,223,19.21,143,15.36,57,7.51,180,29.02,85,22.87,236,16.12,287,16.07,146,15.92,65
2012,Mississippi,78.31,7,1.05,56,1.35,37,1.73,22,2.13,23,2.08,41,2.4,32,1.43,245,27.25,248,22.4,84,14.77,333,18.84,236,20.51,150,23.49,51,18.12,344,38.05,23,25.74,33,9.45,224,8.64,121,22.05,299,26.54,100,25.64,17,12.94,299,12.82,215
2012,"Mississippi St.",78.04,17,2.13,10,2.34,5,-0.92,258,0.52,118,-0.46,196,4.46,4,1.76,145,25.59,275,25.3,27,15.57,322,17.6,274,18.9,216,22.64,63,38.97,50,27.68,205,12.95,283,12.84,112,7.57,176,31.71,31,21.79,266,17.99,233,14.72,219,13.79,159
2012,"Mississippi Valley St.",75.76,270,-0.5,235,-1.06,276,-0.61,238,0.35,138,-1.47,277,-1.55,279,2.37,15,25.32,280,18.46,220,21.88,118,22.51,93,20.42,153,16.74,251,29.92,251,29.48,159,17.42,196,14.87,69,8.32,141,26.5,160,28.51,51,17.53,245,13.19,290,14.28,132
2012,Missouri,75.46,313,-0.11,193,-1.58,321,-1.93,326,-0.87,258,-1.47,280,-1.7,291,2.53,3,21.12,328,18.95,202,21.83,123,23.09,72,18.76,224,17.37,231,50.9,5,17.15,335,15.07,240,10.97,172,5.91,253,27.87,117,20.58,301,21.51,108,13.65,275,16.39,45
2012,"Missouri St.",76.33,203,-0.56,251,-2.05,333,0.07,176,0.13,154,-0.47,208,-2.61,315,2.09,59,31.66,142,24.02,45,27.45,13,16.96,285,12.07,345,19.51,153,26.78,312,27.08,219,24.1,67,15.87,44,6.16,244,18.04,343,27.46,76,21.5,109,17.53,78,15.46,87
2012,Monmouth,75.17,326,0.53,92,-0.55,241,-0.93,269,-2.66,331,-2.48,323,-0.02,174,1.83,124,34.35,84,19.1,196,20.22,183,21.01,146,18.14,248,21.53,89,30.5,237,31.16,120,24.24,63,10.61,178,3.5,329,24.69,229,24.17,181,23.39,46,15.08,198,12.68,227
2012,Montana,77.22,65,0.97,61,-0.81,260,0.07,146,-0.19,201,1.52,91,0.16,159,2.04,64,22.31,316,17.22,257,21.96,117,21,147,17.49,259,22.33,68,30.71,234,23.62,282,18.64,164,18.06,20,8.97,106,26.86,147,18.88,330,22.45,76,16.03,148,15.78,72
2012,"Montana St.",75.99,249,-0.19,198,-0.04,154,0.07,147,-1.27,284,-2.47,306,-0.23,191,1.79,134,36.81,44,18.63,212,18.51,255,25.26,32,22.56,74,15.04,294,31.42,220,33.33,69,14.59,253,10.43,185,10.23,57,26.74,152,23.59,208,19.46,177,13.52,280,16.68,37
2012,"Morehead St.",75.04,332,-1.5,314,-1.31,311,-0.76,251,-1.42,291,-1.18,243,-2.81,323,1.78,136,38.04,31,20.66,141,23.25,76,19.66,207,17.26,268,19.17,166,37.79,83,28.68,178,19.4,142,7.98,264,6.16,243,27.88,116,22.63,245,22.49,75,14.35,239,12.65,229
2012,"Morgan St.",77.73,29,2.48,5,2.26,7,1.06,88,0.13,159,-0.47,204,4.74,3,1.99,77,34.01,92,23.52,56,23.52,67,22.67,86,17.03,275,13.26,324,33.67,160,29.09,168,17.54,190,14.25,82,5.44,276,27.74,120,22.74,241,23.82,38,16.75,105,8.95,341
2012,"Mount St. Mary's",76.44,179,-0.02,171,0.42,116,-1.03,295,-0.87,250,0.53,123,0.41,143,1.15,304,26.29,262,20.48,151,19.01,234,18.86,235,24.53,37,17.12,235,27.75,295,37.9,24,17.63,187,13.69,95,3.02,337,22.74,280,27.23,78,22.3,83,15.7,165,12.04,249
2012,"Murray St.",75.4,318,-1.1,295,-2.28,341,-2.39,339,-1.87,313,0.52,157,-3.38,330,2.23,35,30.11,184,16.17,280,15.45,324,23.89,57,19.39,193,25.1,23,31.27,224,34.51,52,8.64,334,16.65,33,8.93,107,26.33,166,27.78,67,16.67,268,13,298,16.22,51
2012,Navy,75.65,293,-1.14,297,-1.05,273,-0.45,217,-0.28,209,-0.78,238,-2.19,307,1.31,273,35.69,59,23.26,59,19.99,188,23.66,61,20.27,157,12.82,328,30.39,238,38.81,20,19.9,129,6.64,304,4.26,314,26.19,172,23.82,192,22.24,87,14.69,222,13.07,200
2012,Nebraska,77.04,91,1.91,18,0.1,142,0.51,110,0.5,123,0.53,138,2.01,41,2.54,2,26.28,263,16.04,286,20.01,187,20.53,170,25.28,25,18.14,209,39.88,42,29.5,158,17.48,194,9.45,223,3.69,326,20.65,326,22.01,258,22.33,82,17.4,82,17.61,21
2012,"Nebraska Omaha",75.88,261,-1,287,-0.85,261,0.07,185,-0.69,231,0.27,176,-1.85,296,1.47,235,30.8,167,22.72,78,15.13,328,30.51,1,13.73,338,17.91,216,28.32,286,34.75,46,12.29,295,11.14,163,13.5,17,24.04,247,28.44,54,16.46,276,13.46,283,17.6,22
2012,Nevada,78.08,15,0.03,161,1.64,25,2.75,5,3.13,1,1.94,43,1.67,62,1.83,121,24.54,296,14.98,309,17.11,294,22.73,85,21.02,122,24.15,36,31.79,209,35,43,22.35,81,6.39,306,4.46,307,25.52,196,26.79,95,23.15,55,12.6,305,11.95,257
2012,"New Hampshire",76.57,161,0.5,101,-0.06,191,0.3,126,0.13,168,0.53,129,0.44,140,2.03,67,21.94,317,17.33,252,23.16,80,20.97,149,22.62,73,15.92,270,47.83,8,24.35,273,12.03,300,8.35,255,7.44,184,29.68,66,26.47,104,18.6,210,13.29,287,11.96,256
2012,"New Mexico",77.1,83,0.5,101,1.39,34,0.04,188,1.13,74,0.03,186,1.9,49,1.67,177,34.71,74,20.79,133,16.32,308,21.7,119,19.08,209,22.1,77,42.51,23,24.98,263,15.62,233,9.52,221,7.37,192,34.52,11,17.32,342,14.01,325,17.35,84,16.8,33
2012,"New Mexico St.",77.41,48,1.11,53,-0.06,163,1.07,58,0.61,112,1.52,79,1.05,100,2.03,68,24.11,300,21.44,116,24,63,18.53,245,18.19,246,17.84,218,32.82,180,25.08,262,22.29,82,13.91,90,5.9,254,24.11,244,26.6,99,22.28,84,15.02,204,11.99,254
2012,Niagara,75.76,272,-1.68,327,-2.23,340,-0.93,290,1.13,77,-0.47,206,-3.91,338,0.59,342,24.69,295,14.08,320,16.7,301,24.31,50,24.31,40,20.6,114,32.36,192,28.74,177,14.88,247,14.88,68,9.14,97,24.59,233,25.69,131,17.93,234,17.93,62,13.87,153
2012,"Nicholls St.",75.58,301,-1.82,331,-1.27,309,-1.54,317,0.13,192,1.52,71,-3.09,327,0.59,341,33.77,97,18.24,224,27.67,11,19.81,202,17.91,252,16.37,259,20.56,340,25.21,259,27.64,16,16.87,29,9.73,77,23.49,265,26.01,116,18.79,204,17.12,93,14.59,119
2012,NJIT,75.52,307,-2.31,338,-2.65,345,-0.93,290,0.13,163,1.56,51,-4.96,344,2.04,65,34.29,86,12.32,335,22.32,104,23.07,73,22.54,75,19.76,149,32.81,181,11.69,344,26.38,26,18.59,15,10.53,50,25.19,208,16.88,343,20.15,146,19.43,34,18.36,13
2012,"Norfolk St.",77.88,22,0.28,127,0.24,133,1.42,35,2.79,10,2.6,13,0.52,138,2.36,17,32.96,118,27.18,13,19.75,201,20.4,177,19.1,208,13.56,319,36.06,119,15.57,341,14.29,257,15.79,46,18.28,4,35.9,6,17.69,338,16.16,285,13.59,277,16.66,38
2012,"North Carolina",79.2,1,2.53,4,2.29,6,3.07,2,2.54,13,3.1,9,4.82,2,1.39,255,27.26,247,26.68,16,22.14,110,23.45,65,15.68,315,12.05,335,36.96,104,25.33,252,19.82,131,15.25,62,2.65,340,30.98,41,27,84,17.22,253,15.04,202,9.77,332
2012,"North Carolina A&T",75.67,286,-0.7,262,-0.29,224,-0.58,234,-0.2,203,-3.47,334,-0.99,243,2.16,46,40.56,13,18.01,227,22.02,112,18.42,250,20.36,154,21.19,101,29.19,268,28.89,172,22.16,88,14.39,76,5.37,277,26.82,149,26.32,109,20.5,134,14.58,231,11.78,261
2012,"North Carolina Central",76.33,202,-1.22,304,-0.57,245,-0.92,260,0.84,97,1.52,88,-1.8,294,2.11,56,31.64,145,14.86,311,24.76,41,26.12,22,23.48,57,10.78,343,32.3,194,19.51,324,25.85,31,15.48,53,6.86,213,19.2,334,25.44,137,27.5,6,14.99,207,12.87,210
2012,"North Carolina St.",77.72,30,-0.07,182,0.85,89,1.07,51,3.13,4,-1.46,246,0.79,117,1.95,87,20.74,332,20.55,145,24.29,54,20.2,185,19.31,196,15.65,275,34.11,149,36.86,31,5.93,343,14.1,86,9.01,105,27.73,122,31.4,13,11.42,342,15.35,186,14.1,144
2012,"North Dakota",75.71,281,-0.04,176,-0.94,267,-1.93,325,-0.87,265,-1.47,274,-0.98,242,1.36,261,27.69,240,21.95,101,19.26,226,21.78,115,16.55,288,20.46,122,29.12,272,33.39,67,18.05,181,10.41,187,9.03,101,27.12,141,24.65,157,18.56,213,15.93,156,13.74,162
2012,"North Dakota St.",76.75,123,-0.69,260,0.94,73,0.02,190,0.13,176,1.53,64,0.25,151,0.92,331,31.35,150,22.26,91,23.49,68,22.65,88,17.39,263,14.22,306,40.83,31,25.41,249,19.14,147,7.64,279,6.98,208,26.2,171,28.71,46,19.79,161,14.34,241,10.97,295
2012,"North Florida",76.51,170,-1.5,314,-0.06,187,0.68,98,1.63,40,-1.47,251,-1.56,281,1.95,86,40.89,10,20.59,144,19.28,224,19.46,214,22.03,89,18.64,188,29.46,259,32.33,91,23.92,70,9.66,214,4.63,304,21.4,315,24.39,171,22.35,81,18.16,56,13.69,165
2012,"North Texas",76.79,119,-0.26,208,0.51,109,0.5,111,0.13,155,1.9,46,0.25,152,1.35,264,40.92,8,22.83,74,19.53,210,19.83,200,20.33,155,17.49,227,28.05,288,33.09,73,19.13,148,11.66,148,8.08,154,30.8,46,19.58,320,19.42,182,14.38,236,15.81,71
2012,Northeastern,77.32,58,-0.59,257,0.94,73,1.07,63,1.11,88,1.54,52,0.34,148,1.32,269,25.05,287,22.2,92,15.49,323,14.45,330,22.97,67,24.88,27,23.61,331,28.02,199,23.72,74,14.26,81,10.4,53,21.88,304,23.34,215,18.14,229,20.54,15,16.11,59
2012,"Northern Arizona",74.77,338,-1.79,329,-2.06,336,-2.47,341,-1.87,320,0.52,158,-3.85,336,1.44,243,34.51,80,17.99,228,21.87,120,21.26,132,19.44,191,19.44,160,38.92,51,32.89,80,8.45,336,9.87,205,9.87,74,24.97,215,27.56,74,11.9,340,17.78,68,17.78,19
2012,"Northern Colorado",76.83,113,0.03,160,0.53,107,0.07,152,0.3,141,0.53,126,0.56,135,1.09,312,35.76,57,18.9,203,21.81,124,20.15,187,19.02,211,20.12,138,35.01,135,31.48,108,20.77,109,7.13,289,5.61,269,23.87,255,29.4,37,17.88,235,15.05,201,13.79,158
2012,"Northern Illinois",76.35,195,-1.5,314,0.36,122,1.13,42,0.13,158,-0.37,194,-1.14,253,0.79,338,46.59,1,25.66,21,21.3,137,17.49,276,19.58,185,15.97,266,22.76,336,25.23,257,29.52,12,15.79,47,6.71,220,25.26,206,23.29,218,19.45,178,17.61,72,14.39,127
2012,"Northern Iowa",75.88,260,0.23,131,-0.24,218,-1.76,321,-0.87,267,0.52,154,-0.01,171,1.54,210,30.79,168,19.58,186,21.2,141,17.97,262,17.18,270,24.06,39,30.59,236,39.59,16,13.48,274,9.24,230,7.1,205,29.31,76,21.92,262,11.41,343,15.6,172,21.76,3
2012,Northwestern,77.47,43,0.84,70,-1.04,270,0.64,99,1.13,55,1.52,75,-0.2,189,1.92,91,21.83,320,22.04,94,24.28,55,24.49,44,15.57,318,13.62,317,27.41,306,25.39,250,18.64,165,19.89,10,8.67,119,25.61,192,22.11,253,19.57,174,19.57,29,13.14,198
2012,"Northwestern St.",76.14,227,-0.57,252,-0.06,162,-0.16,197,-0.16,199,0.27,177,-0.63,218,1.89,101,39.69,19,20.35,154,17.52,290,17.56,275,21.55,105,23.02,56,27.79,293,33.61,63,18.82,157,11.93,140,7.86,163,27.47,131,27.83,65,17.43,249,15.26,189,12.01,253
2012,"Notre Dame",77.71,31,0.13,142,-0.05,155,1.53,31,3.13,4,1.52,67,0.08,166,1.45,239,19.77,336,24.45,35,17.28,291,19.22,224,19.59,184,19.46,158,55.39,1,11.51,345,12.01,301,11.86,143,9.24,89,28.54,95,23.92,188,17.08,256,17.73,69,12.72,224
2012,Oakland,75.72,277,0.47,110,-1.06,289,0.07,166,-1.7,304,-1.47,265,-0.59,216,1.54,206,18.04,341,13.03,325,13.99,341,20.94,152,23.62,52,28.43,7,36.85,107,29.98,145,10.42,321,11.4,157,11.35,37,28.65,91,24.06,184,14.98,311,18.29,52,14.02,149
2012,Ohio,75.98,252,-0.5,238,0.62,103,-0.62,239,-1.03,273,-2.47,297,0.12,163,1.47,236,30.9,163,20.8,132,14.23,338,18.23,254,21.86,96,24.88,29,27.65,299,36.66,32,17.34,199,9.99,200,8.37,134,25.98,178,23.35,214,18.34,222,14.88,214,17.44,26
2012,"Ohio St.",77.65,33,0.5,107,0.94,69,2.07,12,1.31,48,1.53,55,1.43,70,1.27,286,23.46,308,26.71,15,22.31,105,23.15,70,15.29,322,12.55,329,38.59,61,25.29,255,14.83,249,15.42,55,5.87,257,31.55,33,15.36,345,18.62,209,20.3,19,14.17,139
2012,Oklahoma,77.36,54,-0.34,220,0.94,56,0.99,91,0.13,145,1.52,74,0.6,132,1.85,116,23,310,23.33,57,21.02,154,17.65,273,25.49,21,12.52,330,32.47,188,29.26,166,17.65,185,13.87,92,6.75,219,22.58,281,24.33,172,23.94,34,14.66,224,14.49,123
2012,"Oklahoma St.",75.67,288,0.51,98,-0.09,205,-0.48,220,-1.14,278,-2.48,319,0.42,142,0.98,325,27.77,237,9.41,345,24.74,42,21.13,138,17.37,264,27.35,9,38.27,72,26.08,239,21.85,91,12.41,125,1.39,345,31.82,29,20.47,305,20.88,125,17.25,88,9.58,335
2012,"Old Dominion",76.93,103,0.05,155,-0.15,210,0.07,144,1.13,72,1,110,-0.1,183,1.95,84,34.31,85,21.18,122,19.36,222,24.63,42,20.68,143,14.15,307,38.75,57,26.38,231,17.04,207,7.92,266,9.91,72,31,39,21.23,285,19.21,187,15.2,194,13.35,191
2012,"Oral Roberts",77.18,73,-0.02,173,-0.06,173,1.07,66,1.55,43,2.52,26,-0.08,181,2.26,27,22.75,313,18.59,213,28.56,6,20.22,184,19.16,206,13.47,321,33.82,157,17.17,334,29.78,10,12.1,133,7.14,203,27.95,111,19.86,314,23.57,43,16.92,98,11.69,266
2012,Oregon,76.81,116,0.66,80,0.94,68,1.1,43,-0.87,242,-2.27,295,1.59,66,2.41,12,34.51,79,16.15,283,21.07,150,23.63,62,23.36,60,15.78,272,30.74,232,37.17,28,19.05,150,7.74,273,5.3,279,22.99,277,26.23,111,24.2,33,14.2,249,12.38,238
2012,"Oregon St.",77.07,88,1.5,32,1.19,42,0.07,138,1.13,65,-2.47,303,2.7,22,1.34,266,29.94,190,16.85,263,18.54,254,23.35,66,21.74,100,19.5,155,30.15,244,32.02,96,24.23,65,9.59,219,4.01,322,29.11,82,23.15,224,20.35,141,14.66,225,12.73,223
2012,Pacific,76.34,198,0.05,156,-0.06,181,0.07,137,-1.04,274,0.52,158,-0.01,173,1.6,192,33.2,111,22.34,89,22.57,98,17.27,278,17.49,260,20.33,128,35.95,120,24.43,269,25.01,50,8.1,262,6.52,229,24.99,214,24.93,146,22.96,63,13.94,264,13.18,197
2012,Penn,76.7,139,-0.26,209,0.18,135,0.46,115,0.4,135,1.52,87,-0.08,182,1.99,79,25.8,271,17.21,258,18.41,263,19.19,225,16.3,296,28.89,3,49.71,6,23.66,280,18.24,176,4.31,338,4.07,321,25.61,193,23.17,223,21.4,113,14.35,240,15.48,86
2012,"Penn St.",76.72,130,-0.15,195,0.11,140,0.07,164,-0.38,213,1.52,91,-0.05,177,1.25,290,35.92,55,16.01,289,18.1,270,18.16,258,18.32,238,29.41,2,29.82,254,28.44,188,17.41,197,11.54,152,12.79,22,21.12,321,20.93,294,22.88,68,19.34,36,15.74,74
2012,Pepperdine,77.48,40,0.52,96,0.94,55,-0.57,232,1.13,77,2.52,18,1.46,69,1.7,166,24.78,292,22.31,90,23.59,66,17.93,266,20.49,151,15.68,274,32.91,177,30.62,132,12.98,281,8.94,236,14.56,11,32.3,27,20.67,299,15.58,303,16.29,130,15.16,98
2012,Pittsburgh,76.31,205,-0.47,232,-1.06,281,0.79,95,0.13,167,0.3,174,-1.53,278,1.72,154,31.91,136,18.23,225,21.34,136,19.09,228,21.5,109,19.84,146,42.72,20,20.75,314,25.62,35,6.69,302,4.21,316,28.21,107,23.75,198,23.88,37,11.45,324,12.7,226
2012,Portland,76.71,136,0.38,120,-0.15,211,1.07,69,0.43,130,-1.47,258,0.23,153,0.89,333,36.43,47,19.38,188,21.19,142,24.01,54,16.88,278,18.53,194,37.78,84,33.6,64,13.14,279,8.87,238,6.61,225,28.09,108,31.69,12,17.33,251,10.08,338,12.81,217
2012,"Portland St.",75.06,331,-1.5,319,-1.06,301,-1.49,313,-1.87,317,-0.48,227,-2.57,313,2.23,32,25.35,279,19.05,197,20.58,174,16,305,25.34,24,19.03,172,36.19,117,37.31,25,9.88,327,8.3,257,8.32,140,27.73,121,28.3,59,13.68,330,15.54,178,14.76,113
2012,"Prairie View A&M",76.35,194,-0.25,206,-1.22,308,-0.69,248,-0.13,198,1.52,91,-1.47,274,1.49,229,41.3,7,16.03,287,19.96,189,22.41,96,22.02,91,19.58,152,32.89,178,31.41,112,9.15,330,10.52,180,16.01,8,25.7,188,20.67,300,12.83,335,20.14,21,20.67,5
2012,Presbyterian,75.5,309,-0.36,221,-1.87,330,-0.93,271,-3.86,344,-2.47,317,-2.23,309,2.06,62,23.59,305,17.9,233,28.74,4,19.7,205,16.61,287,17.06,237,35.21,132,33.12,72,11.33,311,7,293,13.34,18,23.86,256,30.5,20,13.61,332,16.12,145,15.91,67
2012,Princeton,78.12,12,1.44,38,1.94,10,2.56,7,2.07,37,-0.47,214,3.38,16,1.92,93,27.2,250,18.42,221,18.41,261,27.76,10,12.56,344,22.85,60,34.25,145,20.89,313,32.63,2,7.72,275,4.5,305,21.46,313,19.17,326,26.79,9,21.74,8,10.84,300
2012,Providence,76.6,153,0.22,132,-0.06,175,0.07,150,0.13,175,1.52,86,0.16,160,1.01,321,19.26,337,14.34,314,18.55,253,21.88,111,23.67,51,21.56,86,32.24,195,31.2,119,22.37,79,9.88,204,4.31,311,27.28,137,28.21,61,19.89,156,14.61,229,10.02,325
2012,Purdue,76.2,222,-0.14,194,-1.05,274,-0.15,195,0.51,119,-2.47,301,-1.2,257,1.96,81,33.48,102,15.35,303,23.63,64,20.5,172,19.12,207,21.4,96,32.14,197,25.21,258,17.15,202,10.08,193,15.43,9,23.99,248,24.51,164,16.1,289,17.85,65,17.56,23
2012,Quinnipiac,75.61,296,-0.72,264,-0.28,222,0.05,187,-1.34,285,-1.47,278,-1,244,1.39,256,27.74,238,22.36,87,21.52,129,15.53,316,22.18,86,18.42,198,38.32,69,27.88,202,17.5,192,7.9,268,8.39,131,30.91,44,23.87,191,16.31,281,14.15,251,14.75,114
2012,Radford,75.68,284,0.1,148,-1.7,327,-0.93,279,-0.65,229,0.52,171,-1.6,283,1.21,296,38.03,32,19.71,182,18.4,264,22.66,87,20.3,156,18.93,175,35.02,134,23.89,278,24.7,54,10.05,195,6.34,236,24.06,246,23.14,225,23.27,47,14.01,257,15.53,82
2012,"Rhode Island",77.22,66,0.5,101,1.77,22,2.23,10,0.69,105,-0.47,210,2.27,37,1.13,306,34.36,83,21.49,114,21.11,147,23.02,75,15.96,306,18.43,197,30.38,239,26.22,236,16.98,209,17.51,26,8.91,108,27.61,126,24.28,177,14.79,312,17.7,70,15.61,78
2012,Rice,77.03,93,0.13,143,0.94,84,-0.09,192,0.13,181,1.52,65,1.07,97,1.37,258,33.93,95,20.49,149,20.8,169,20.06,190,19.2,201,19.45,159,28.77,278,30.89,124,21.23,99,11.86,142,7.24,199,23.87,254,29.22,40,20.84,126,15.49,179,10.58,310
2012,Richmond,75.8,267,-0.34,218,-0.06,192,-0.21,203,-1.36,286,-3.47,333,-0.4,203,1.7,164,30.15,183,12.96,326,18.46,259,18.58,243,23.68,50,26.32,13,28.31,287,35.31,40,16.89,214,10.45,184,9.04,100,34.15,13,21.5,276,21.24,116,14.26,243,8.85,342
2012,Rider,77.53,37,0,168,0.94,70,1.07,48,2.13,22,0.53,121,0.94,106,1.83,123,28.98,211,19.86,177,22.47,100,21.9,110,20,168,15.78,273,30.07,247,28.44,186,23.3,76,9.54,220,8.64,120,27.37,134,23.74,199,19.68,166,15.1,197,14.11,142
2012,"Robert Morris",75.62,295,-1.08,293,-0.53,239,-0.58,233,-1.66,300,-0.47,215,-1.61,287,1.36,260,36.6,45,18.69,210,17.68,285,17.88,268,23.59,53,22.15,75,31.72,210,22.04,303,26.02,29,8.42,254,11.8,27,17.99,344,29.88,31,23.6,42,14.41,235,14.13,140
2012,Rutgers,75.96,253,-0.41,230,-0.06,164,-0.5,225,-0.87,252,-2.47,304,-0.47,205,0.59,343,29.82,194,17.61,242,17.64,286,19.09,229,24.65,33,21,103,30.33,242,28.99,169,19.82,130,11.55,151,9.32,87,21.44,314,27.05,82,22.95,65,15.69,166,12.87,211
2012,"Sacramento St.",76.62,151,-1.31,309,-0.06,195,-0.14,194,0.51,120,1.89,47,-1.37,268,1.72,156,30.97,161,24.39,37,22.58,97,22.35,100,19.24,199,11.43,337,37.74,87,18.93,327,25.05,47,14.6,72,3.68,327,30.98,42,22.94,232,20.12,148,14.25,246,11.72,264
2012,"Sacred Heart",75.6,298,-0.02,172,-1.58,319,-1.51,316,0.13,181,-1.47,254,-1.61,286,1.41,250,37.89,34,19.27,191,15.38,325,19.26,220,28.16,4,17.93,215,29.61,256,34.81,45,12.54,289,15.03,67,8.01,158,22.2,295,21.58,272,19.3,184,19.79,23,17.12,29
2012,"Saint Joseph's",76.83,114,0.03,158,1.94,15,1.08,44,0.13,172,-0.48,222,1.97,44,1.04,318,22.55,315,19.59,185,19.25,228,14.02,333,21.02,123,26.13,15,20.31,341,40.97,9,20.79,107,12.97,109,4.96,289,22.92,278,27.77,68,19.07,192,16.37,126,13.87,152
2012,"Saint Louis",75.88,263,0.55,89,-0.52,238,0.07,141,-1.37,289,-1.48,281,0.03,167,1.8,131,33.17,112,20.77,134,25.81,30,15.01,325,16.72,283,21.69,83,21.87,339,30.2,138,27.59,17,12.04,136,8.3,143,23.73,258,19.21,325,28.69,3,15.63,171,12.74,222
2012,"Saint Mary's",77.38,52,0.5,106,0.27,131,0.07,140,2.13,32,1.53,57,0.77,120,1.82,128,25.13,284,21.62,109,19.8,197,21.37,128,19.75,176,17.46,228,38.53,62,21.7,306,24.65,56,9.97,202,5.16,283,25.3,203,23.45,213,27.58,5,14.41,234,9.26,338
2012,"Saint Peter's",74.68,339,-1.37,312,-2.28,342,-1.93,330,-0.87,249,-2.47,309,-3.65,335,1.53,214,34.08,91,23.98,46,19.63,206,21.19,134,17.03,274,18.17,206,42.05,24,29.68,151,19.19,146,5.16,330,3.92,323,29.48,70,23.07,229,18.24,226,16.77,104,12.44,235
2012,"Sam Houston St.",75.96,254,-0.32,216,-1.47,316,0.07,185,-1.71,306,-0.48,230,-1.79,293,1.66,182,26.89,252,25.84,20,22.65,95,24.43,45,14.59,332,12.49,331,40.63,35,30.85,125,14.96,244,10.81,174,2.75,339,29.91,64,27.19,79,15.12,307,13.32,285,14.47,126
2012,Samford,77.08,84,0.03,163,-0.06,188,0.07,139,2.13,26,2.1,39,-0.03,175,1.15,303,27.97,228,27.64,11,19.49,214,18.98,231,18.37,235,15.52,280,24.86,324,20.07,320,18.41,173,16.16,39,20.51,2,19.12,335,23.61,207,22.97,62,20.88,14,13.43,183
2012,"San Diego",75.46,312,0.51,97,0.09,145,-3.61,345,-1.87,321,-3.47,336,0.6,131,1.12,309,33.62,101,18.9,204,19.78,199,17.89,267,23.55,54,19.88,144,34.87,138,31.54,106,17.62,188,6.2,312,9.77,76,24.9,221,32.02,11,15.92,296,12.13,315,15.03,103
2012,"San Diego St.",77.12,80,0.1,147,-0.87,264,1.07,72,0.85,96,2.52,23,-0.77,229,1.85,114,28.09,224,16.47,273,17.77,280,24.23,51,18.48,233,23.06,55,40.76,33,26.3,233,17.02,208,7.57,280,8.35,136,25.31,202,20.95,293,21.97,92,14.6,230,17.18,27
2012,"San Francisco",76.39,187,0.01,166,0.94,52,-0.13,193,-0.8,240,-1.47,253,0.96,104,1.85,115,26.88,253,24.18,41,23.27,74,18.82,237,15.05,326,18.67,186,45.38,12,28.13,198,17.56,189,4.85,335,4.09,320,24.79,227,25.8,125,21.8,99,16.47,116,11.16,285
2012,"San Jose St.",76.02,246,-0.08,184,0.08,148,-1.37,302,0.13,181,-0.48,221,0,169,1.82,125,27.61,245,11.47,339,20.45,177,18.72,241,26.41,10,22.94,59,30.36,241,36.4,33,13.63,269,11.73,146,7.88,160,25.32,201,29.1,42,14.76,314,17.47,80,13.35,190
2012,"Santa Clara",76.73,127,0.69,77,-0.56,242,-0.93,270,1.13,77,1.47,100,0.13,162,0.99,324,35.98,54,12.43,334,19.41,219,21.18,135,21.32,116,25.66,17,29.16,269,42.96,5,13.9,263,6.7,301,7.28,197,28.64,92,28.37,56,15.04,309,13.65,274,14.3,130
2012,"Savannah St.",75.38,320,-1.03,289,-0.16,212,-0.55,229,-1.45,292,-0.48,223,-1.2,258,1.77,142,34.95,68,21.96,99,25.89,29,13.69,335,15.81,309,22.67,62,32.79,182,30.74,127,20.7,110,9.13,233,6.64,223,30.58,48,28.25,60,20.01,153,11.97,319,9.18,339
2012,Seattle,76.07,237,-0.7,263,-0.06,190,1.07,65,-0.57,223,-1.47,262,-0.77,228,2.04,66,40.64,12,14.4,313,21.8,125,25.66,28,17.43,262,20.71,110,13.44,345,31.81,100,30.93,6,15.13,66,8.7,117,18.44,340,27.91,63,20.73,130,15.2,193,17.72,20
2012,"Seton Hall",77.29,60,0.8,75,0.89,87,1.07,46,0.92,93,0.52,152,1.69,60,1.32,271,22.95,311,15.2,306,26.01,27,19.23,223,14.65,331,24.9,26,28.04,289,39.12,19,16.4,223,7.25,286,9.19,93,22.24,294,35.18,3,21.28,115,9.94,340,11.36,278
2012,Siena,75.71,279,-0.5,238,-0.06,158,-0.67,247,0.13,186,-3.48,339,-0.55,212,1.73,153,16.66,344,21.81,103,18.9,235,16.07,303,20.69,142,22.53,66,43.47,16,30.11,141,11.24,313,11.84,144,3.35,332,32.87,23,27.37,77,16.86,263,15.94,155,6.96,345
2012,"SIU Edwardsville",75.25,324,-1.78,328,-0.06,192,-0.62,240,-3.16,340,-3.47,331,-1.84,295,1.65,184,27.82,236,17.83,234,26.7,19,20.76,158,17.84,255,16.85,247,38.76,56,29.64,154,19.77,134,4.92,333,6.9,212,24.96,218,26.13,113,21.76,102,15.69,167,11.46,274
2012,SMU,76.38,189,-0.39,227,0.51,108,0.07,142,0.49,125,-1.47,269,0.12,164,1.46,237,35.16,62,25.18,31,19.5,213,19.18,226,20.75,138,15.4,282,27.53,304,33.28,71,26.06,28,7.08,290,6.05,249,26.68,155,28.44,53,16.05,292,15.42,183,13.41,185
2012,"South Alabama",74.82,337,-2.5,341,-0.93,266,1.07,72,0.4,134,-4.32,341,-3.43,331,1.59,196,30.71,170,22.34,88,20.91,161,19.58,211,14.96,328,22.21,73,30.05,249,28.6,181,27.26,19,7.71,276,6.38,234,27.23,139,25.92,121,24.7,25,12.34,311,9.82,331
2012,"South Carolina",76.85,110,0.29,126,0.84,90,1.07,47,1.14,51,-1.84,292,1.13,90,1.08,315,37.37,38,15.84,295,19.09,232,22.99,76,17.92,251,24.15,35,32.1,199,29.92,146,19.9,128,11.11,165,6.97,209,27.8,118,26.47,106,19.06,193,14.66,226,12.02,252
2012,"South Carolina St.",75.73,275,-0.9,280,-0.61,249,-0.48,221,0.13,166,-2.47,316,-1.52,276,2,76,35.07,66,18.47,219,20.03,186,14.73,327,25.91,18,20.87,105,37.8,82,26.44,230,18.96,151,10.97,171,5.82,260,24.82,226,23.99,186,23.62,41,16.28,131,11.29,280
2012,"South Dakota",76.47,175,0.1,149,-0.17,213,0.07,158,-0.87,263,1.52,89,-0.07,179,1.85,118,27.67,242,17.94,232,13.88,342,26.84,18,21.5,106,19.84,147,40.72,34,28.52,184,18.42,172,6.74,299,5.6,270,29.4,71,24.74,155,19.6,170,13.49,282,12.76,221
2012,"South Dakota St.",77.17,76,-0.81,272,-0.06,172,0.07,167,2.13,26,3.26,7,-0.87,233,1.45,240,27.93,230,20.12,168,17.8,278,20.77,156,20.96,126,20.35,126,28.88,275,24.5,266,13.75,266,12.99,108,19.87,3,24.37,239,16.68,344,19.01,196,19.29,38,20.65,6
2012,"South Florida",77.87,23,0.5,108,1.41,31,2.07,11,0.53,116,0.53,122,1.91,48,1.92,90,30.86,164,21.6,110,19.53,209,20.07,189,20.09,164,18.72,184,32.45,190,32.89,81,17.51,191,14.59,73,2.56,341,22.5,286,27.78,66,22.96,64,16.42,119,10.34,315
2012,"Southeast Missouri St.",76.05,242,-0.91,281,-1.27,310,-1.68,319,-0.51,221,1.13,107,-2.18,306,1.91,94,33.37,104,25.57,24,19.46,217,17.82,269,21.81,98,15.33,284,29.52,258,48.06,2,12.13,298,7.46,282,2.83,338,32.79,24,21.48,277,19.68,165,13.66,272,12.39,237
2012,"Southeastern Louisiana",76.35,193,-0.82,274,0.12,139,0.18,133,1.13,56,-1.47,257,-0.7,224,1.87,109,36.96,43,17.35,249,24.87,39,17.95,263,19.17,204,20.66,112,42.57,22,31.61,103,12.92,284,9.41,225,3.49,330,26.31,167,29.94,29,20.33,142,16.41,120,7.01,344
2012,Southern,75.47,311,-0.23,202,-1.15,303,-1.48,312,-1.87,314,-0.19,193,-1.38,269,1.81,129,27.64,243,22.96,69,16.56,303,23.52,63,19.6,182,17.37,232,37.37,94,28.94,170,14.16,261,12.05,135,7.48,182,27.94,112,23.27,220,16.11,288,15.66,169,17.02,31
2012,"Southern Illinois",76.16,225,-0.5,244,-0.06,165,-0.39,211,0.76,100,-0.69,237,-0.56,215,1.58,198,40.54,15,19.7,183,24.39,51,21.08,141,20.72,139,14.11,309,25.68,319,33.58,65,12.86,286,18.31,18,9.57,82,23.89,252,29.14,41,16,293,18.5,49,12.47,234
2012,"Southern Miss",75.55,305,-0.52,245,-0.43,234,-1.93,328,-1.46,294,-0.48,224,-0.94,236,2.26,28,26.88,254,26.05,18,20.84,167,15.33,318,16.47,291,21.31,98,27.74,296,44.81,3,16.84,216,5.95,318,4.66,303,27.97,110,23.64,204,17.18,254,15.25,190,15.96,63
2012,"Southern Utah",76.68,145,-0.97,285,-0.06,195,0.07,156,0.42,133,2.52,23,-1.04,246,2.35,18,21.17,327,17.94,231,20.58,175,25.41,30,16.45,292,19.62,150,22.59,338,25.31,254,28.72,14,15.97,43,7.4,187,18.67,339,21.55,273,22.25,86,18.67,46,18.86,11
2012,"St. Bonaventure",77.39,50,1.01,58,0.81,91,0.49,112,1.13,57,0.58,118,1.82,54,1.83,122,28.72,214,29.85,3,17.94,274,21.42,127,13.71,339,17.08,236,33.2,167,29.44,161,25.01,49,6.22,310,6.13,247,33.17,20,19,329,17.58,242,13.61,276,16.65,39
2012,"St. Francis NY",75.56,304,-2.15,336,-0.06,195,-0.77,252,-1.26,283,-1.47,263,-2.22,308,1.51,220,33.93,96,20.05,171,22.74,92,22.57,90,20.8,134,13.85,313,30.8,230,31.34,114,24.36,60,4.63,337,8.87,110,22.34,291,24.3,176,25.03,21,9.26,345,19.07,9
2012,"St. Francis PA",76.44,180,-0.11,191,-0.54,240,0.07,172,1.13,64,0.84,114,-0.64,219,1.09,311,30.3,178,25.65,22,21.35,135,21.55,121,15.99,305,15.46,281,33.65,161,31.42,111,15.92,229,10.67,176,8.34,139,30.13,55,25.73,130,17.81,239,16.26,134,10.08,320
2012,"St. John's",77.01,97,-0.5,243,-0.06,160,0.1,135,0.34,140,-0.46,197,-0.55,213,0.45,345,18.65,338,22.77,76,19.88,191,16.39,296,27.46,6,13.49,320,32.09,200,27.55,209,18.23,177,12.66,119,9.47,84,26.97,143,24.74,156,20.15,145,17.22,89,10.92,298
2012,Stanford,77.03,95,0.43,114,1.51,28,1.19,40,-0.74,238,-0.47,212,1.94,46,1.49,231,35.09,64,19.89,176,20.87,165,17.12,282,18.17,247,23.95,44,26.18,315,31.24,116,21.6,95,15.16,64,5.83,259,26.14,175,23.59,209,24.28,31,16.02,149,9.98,326
2012,"Stephen F. Austin",74.92,334,-1.95,334,-1.01,269,-1.45,308,-2.64,329,-2.47,308,-2.96,325,1.71,160,32.69,122,29.02,5,19.6,207,15.47,317,21.79,99,14.12,308,31.94,207,38.25,22,21,103,7.25,287,1.57,344,28.24,105,23.65,203,15.54,304,15.98,152,16.59,40
2012,Stetson,76.94,102,0.06,154,-1.18,304,0.07,176,1.13,60,1.86,48,-1.12,251,1.51,221,30.36,176,24.16,42,15.72,320,19.96,196,20.67,144,19.5,156,27.61,302,27.87,203,11.8,304,15.42,56,17.31,5,20.89,323,21.23,286,22.44,78,19.69,24,15.74,73
2012,"Stony Brook",76.08,236,-0.86,276,-0.26,220,-1.16,297,-0.87,256,0.52,139,-1.12,252,2.23,34,32.64,125,16.23,277,19.13,231,15.87,308,24.91,31,23.86,47,25.72,317,31.35,113,24.97,51,10.57,179,7.4,188,21.68,305,26.97,87,22.26,85,16.14,142,12.95,205
2012,Syracuse,78.61,3,2.19,8,1.94,11,2.7,6,2.13,20,2.53,14,4.12,10,1.68,171,33.93,94,14.06,321,18.89,236,22.03,108,23.54,55,21.47,93,35.5,126,26.26,234,18.75,160,11.55,150,7.94,159,24.85,222,25.82,124,20.06,151,14.94,210,14.33,129
2012,TCU,76.27,210,0.19,136,0.94,61,1.74,20,-2.87,333,-2.48,321,1.13,91,2.02,70,31.06,155,25.33,26,18.55,252,15.73,312,18.83,221,21.55,87,22.94,335,24.14,276,24.44,58,21.88,6,6.59,226,21.21,320,26.81,94,23.88,36,15.97,154,12.14,246
2012,Temple,77.22,67,-0.57,254,-1.06,277,0.07,173,2.13,24,3.12,8,-1.63,288,2.12,53,24.73,293,16.66,268,17.98,272,24.21,52,24.22,44,16.93,241,44.48,13,29.4,162,8.46,335,8.45,252,9.2,92,34.68,10,19.77,316,14.73,315,14.71,221,16.12,57
2012,Tennessee,77.57,36,0.22,133,1.01,50,1.5,33,1.13,54,1.52,78,1.23,84,1.53,215,34.68,76,18.71,209,21.51,130,17.18,280,20.62,146,21.98,79,38.29,70,28.4,191,20.25,118,5.49,326,7.57,175,27.42,132,26.23,110,19.12,189,14.37,237,12.86,212
2012,"Tennessee Martin",76.56,162,-1.25,305,0.94,72,0.58,107,-0.71,234,0.52,158,-0.31,195,1.34,265,33.67,99,25.6,23,24.41,49,26.92,16,16.25,299,6.83,345,24.04,330,26.14,238,10.73,316,33.64,1,5.44,275,23.72,259,24.88,148,21.76,101,19.38,35,10.26,316
2012,"Tennessee St.",76.06,240,-0.4,229,0.94,66,-0.44,216,-1.37,288,-1.47,250,0.53,137,1.69,170,30.76,169,24.83,34,24.67,46,20.17,186,13.49,341,16.84,248,35.22,131,30.63,130,15.79,231,8.45,251,9.91,71,31.15,38,25.79,127,15.66,302,13.13,293,14.27,135
2012,"Tennessee Tech",76.53,166,0.58,88,0.15,137,0.24,129,-0.87,254,0.73,116,0.74,122,2.44,7,25.09,285,12.68,332,25.52,35,28.59,6,18.33,237,14.9,295,32.33,193,19.15,325,27.04,20,14.14,85,7.34,195,21.56,308,20.83,296,29.99,1,17.54,76,10.07,321
2012,Texas,76.29,206,0.02,165,-0.33,228,-0.93,274,-0.87,261,1.52,91,-0.31,196,0.97,326,31.38,149,16.78,266,14.91,331,21.11,139,22.89,70,24.32,34,34.13,147,33.71,61,15.61,234,9.06,235,7.49,181,29.33,74,26.5,103,16.62,270,14.22,247,13.34,192
2012,"Texas A&M",78.04,16,0.86,69,1.54,27,1.07,55,2.43,15,1.95,42,2.4,33,1.88,108,36.46,46,15.51,301,26.11,26,24.78,39,20.17,160,13.42,322,39.26,48,33.86,59,11.14,314,6.15,315,9.6,80,26.86,148,21.3,283,19.59,171,16.68,107,15.58,79
2012,"Texas A&M Corpus Chris",75.88,262,-0.07,183,-0.06,192,-1.7,320,-0.2,202,-1.47,275,-0.14,187,1.18,300,29.67,197,14.29,316,24.67,45,23.52,64,22.7,72,14.82,297,27.68,298,38.77,21,14.69,251,5.56,323,13.3,19,21.56,309,25.39,140,21.88,95,15.66,168,15.52,83
2012,"Texas Pan American",75.53,306,-1.31,310,-1.6,323,-0.93,289,-0.87,243,0.74,115,-2.91,324,2.18,42,34.19,88,20.2,163,14.15,339,25.75,27,21.34,115,18.56,193,40.06,39,30.51,134,13.59,270,10.32,190,5.51,273,24.85,223,22.86,238,18.87,201,17.21,90,16.21,54
2012,"Texas Southern",76.03,245,-0.16,196,0.94,73,1.37,37,-0.88,271,-2.47,313,0.78,118,1.77,140,43.43,3,13.81,322,21.12,146,18.13,260,20.01,166,26.91,12,35.26,130,29.78,150,22.7,77,5.4,327,6.85,214,23.71,260,24.85,150,23.06,58,14.96,209,13.42,184
2012,"Texas St.",76.61,152,0.98,59,-0.19,214,0.61,102,-0.22,206,-0.47,218,0.8,116,2,75,38.18,30,22.94,71,19.85,192,21.48,123,16.67,284,19.06,171,34.99,136,19.92,321,19.99,125,16.78,30,8.31,142,37.31,3,19.89,313,18.54,215,13.24,289,11.02,293
2012,"Texas Tech",75.65,291,-0.04,178,0.94,73,-1.29,299,-2.87,336,-2.85,328,0.89,111,0.95,329,34.95,69,21.35,119,27.13,15,16.51,293,19.44,190,15.57,277,29.15,270,41.36,8,18.75,159,4.13,340,6.61,224,24.59,232,30.79,17,23.16,54,11.22,327,10.23,317
2012,"The Citadel",75.44,315,-0.69,261,-0.61,248,-2.43,340,-1.42,290,-0.48,219,-1.3,263,1.12,310,37.68,36,28.09,7,16.95,296,16.62,292,18.75,225,19.59,151,51.29,4,23.33,286,10.38,323,4.12,341,10.88,45,31.66,32,24.63,158,17.36,250,9.94,339,16.41,44
2012,Toledo,75.75,273,-0.33,217,-1.67,326,0.07,176,0.6,113,-1.47,268,-2,302,1.03,319,27.72,239,15.25,304,24.3,53,22.15,105,17.5,258,20.8,106,26.84,310,22.51,297,32.14,4,13.6,96,4.92,295,18.78,337,21.85,264,28.32,4,18.38,50,12.66,228
2012,Towson,77.97,20,0.12,144,0.94,58,3.07,4,2.88,9,1.52,66,1.06,99,0.79,337,20.94,329,20.7,138,26,28,22.02,109,16.78,282,14.5,302,32.58,187,31.59,104,16.92,211,15.7,48,3.2,335,26.35,164,26.19,112,19.1,190,16.87,100,11.49,273
2012,Troy,75.44,314,-1.82,330,-2.06,334,-0.59,235,-1.1,276,0.52,158,-3.88,337,2.01,74,34.18,89,15.07,307,23.09,81,19.24,222,19.63,181,22.97,57,38.66,59,17.25,333,18.96,152,16.4,37,8.73,115,24.95,220,22.41,250,24.97,22,16.26,135,11.41,277
2012,Tulane,76.02,247,-0.31,215,-0.06,161,-0.21,202,-1.61,299,0.52,158,-0.37,200,1.16,302,29.87,191,17.63,241,17.18,293,18.79,239,21.65,102,24.75,30,33.45,164,40.03,11,14.06,262,6.2,311,6.26,241,21.48,312,30.07,27,17.55,243,14.52,232,16.38,46
2012,Tulsa,78.1,13,2.03,12,1.65,23,0.07,165,2.13,26,3.52,2,3.68,14,1.67,175,30.24,180,24.36,38,12.34,345,22.74,84,24.62,34,15.94,269,35.7,122,31.95,99,12.87,285,11.2,160,8.28,145,27.72,123,29.28,39,14.39,321,12.5,307,16.11,58
2012,UAB,77.61,34,0.64,83,-0.06,159,1.07,59,2.09,35,1.53,63,0.58,133,1.52,218,23.69,304,28.45,6,20.72,170,21.31,131,14.72,330,14.8,298,32.18,196,25.9,244,11.47,310,22.11,5,8.35,137,37.62,2,24.11,183,13.49,333,16.13,143,8.65,343
2012,"UC Davis",76.73,126,0.5,99,0.19,134,1.07,72,-0.09,197,0.53,135,0.69,127,1.29,277,40.03,18,21.44,115,20.38,180,21.57,120,22.33,82,14.27,305,27.57,303,27.31,213,22.52,78,8.61,243,13.99,13,24.67,230,22.38,252,26.63,10,14.17,250,12.15,245
2012,"UC Irvine",76.33,200,0.33,123,-1.86,329,-0.63,241,0.29,142,0.53,128,-1.53,277,1.26,288,29.57,200,21.57,112,18.76,242,19.12,227,21.32,117,19.23,164,40.81,32,23.6,283,13.14,278,13.3,101,9.15,94,26.49,161,19.04,327,17.52,246,20.4,17,16.55,41
2012,"UC Riverside",75.76,271,-0.9,279,-0.52,237,-1.92,323,-1.11,277,-0.13,189,-1.42,270,2.46,6,34.87,71,17.03,261,16,316,30.13,3,16.64,286,20.2,135,37.88,81,29.67,153,14.28,259,9.13,231,9.03,102,24.3,242,19.86,315,21.96,93,14.67,223,19.21,7
2012,"UC Santa Barbara",77.33,57,1.23,46,0.94,73,1.71,23,0.48,126,-0.14,190,2.17,38,2.02,71,35.52,60,19.18,194,22.05,111,26.95,15,18.7,228,13.11,326,28.45,284,27,220,22.25,84,17.53,24,4.77,297,25.45,197,24.19,179,22.2,88,15.56,177,12.61,230
2012,UCF,77.29,61,-0.08,185,1.94,13,1.81,18,1.13,58,-1.28,245,1.86,51,1.85,117,29.24,205,18.96,201,21.03,153,21.02,145,23.73,49,15.27,287,26.74,313,25.61,246,28.27,15,16.1,40,3.28,333,21.64,307,25.68,132,25.15,20,16.45,118,11.07,292
2012,UCLA,77.4,49,1.5,34,1.1,45,-0.92,259,0.13,170,0.52,145,2.6,26,1.6,194,21.91,319,23.21,63,23.08,82,16.21,298,15.18,324,22.32,69,40.6,36,39.94,12,7.32,340,5.5,325,6.64,222,24.63,231,24.49,165,18.05,230,16.52,113,16.31,48
2012,UMBC,76.05,241,-1.26,306,-0.06,195,0.23,130,-0.59,224,-0.01,187,-1.32,264,1.22,294,38.99,24,14.19,317,29.73,3,20.91,153,24.21,45,10.96,342,31.28,223,31.62,102,13.81,264,14.2,83,9.09,98,20.72,324,30.23,25,17.73,241,17.33,85,13.98,151
2012,UMKC,75.77,269,-0.88,277,0.4,118,-1.44,307,-1.46,295,0.52,158,-0.49,206,1.73,152,32.67,123,19,199,19.37,221,15.85,310,18.77,223,27.01,10,37.21,98,25.19,260,19.19,145,10.65,177,7.76,171,26.45,162,24.56,161,19.73,163,15.56,176,13.7,164
2012,"UNC Asheville",75.08,330,-3.07,345,-2.06,339,-0.93,280,-0.67,230,1.52,89,-5.13,345,2.41,11,26.11,270,14.17,319,19.78,198,21.2,133,20.88,129,23.97,41,28.9,274,25.6,247,26.23,27,11.03,169,8.24,149,20.42,327,23.13,226,26.58,12,14.81,218,15.06,101
2012,"UNC Greensboro",75.58,299,-0.09,187,-1.1,302,-2.04,335,-0.87,267,-1.47,255,-1.19,256,1.63,186,38.74,27,18.54,216,18.31,267,26.35,20,19.22,200,17.59,222,30.69,235,25.77,245,20.28,117,14.03,87,9.23,90,26.59,158,24.33,173,19.57,173,16.18,140,13.33,193
2012,"UNC Wilmington",76.27,212,-0.38,225,-1.06,275,-0.93,275,0.13,173,-0.47,211,-1.44,273,0.89,332,33.13,115,15.24,305,26.46,23,15.27,321,17.31,267,25.71,16,38.89,52,37.1,29,14.96,245,4.92,331,4.12,318,21.94,301,28.85,44,19.25,186,14.84,217,15.13,99
2012,UNLV,77.76,27,0.66,81,1.94,12,-0.66,246,1.13,77,2.52,20,2.59,28,2.24,29,26.25,264,20.75,136,23.34,73,20.11,188,18.91,215,16.9,243,31.93,208,27.81,204,18.6,167,15.34,58,6.32,239,20.67,325,30.34,23,21.45,110,16.37,127,11.17,284
2012,USC,75.95,255,1.92,17,-0.67,254,-0.57,231,0.13,162,-4.48,344,1.25,82,1.06,317,29.39,203,18.82,206,24.45,47,16.96,286,14.52,335,25.25,20,44.05,15,33.07,74,11.85,303,5.22,329,5.8,262,23.91,250,23.5,210,22.41,80,16.79,102,13.4,186
2012,"USC Upstate",77.25,63,-0.5,235,0.71,98,0.63,100,0.69,106,2.52,26,0.22,154,0.79,339,36.16,52,21.23,120,18.71,246,25.21,34,17.96,250,16.9,245,38.43,65,26.95,221,20.17,121,8.16,261,6.29,240,24.35,240,22.87,237,26.63,11,14,259,12.16,243
2012,"UT Arlington",76.58,158,0.47,111,-1.06,294,1.07,72,1.61,41,-2.69,327,-0.6,217,2.16,45,35.9,56,16.54,270,23.21,77,24.89,38,20.85,130,14.51,300,32.38,191,21.22,311,18.94,154,16.5,35,10.96,43,31.41,35,19.52,322,17.53,244,17.53,79,14.01,150
2012,Utah,75.58,300,-0.39,226,-1.21,307,-0.7,249,-2.23,326,-1.47,279,-1.6,284,1.53,213,29.37,204,25.12,32,16.35,307,15.87,309,20.63,145,22.03,78,38.84,55,33.74,60,11.69,308,6.16,314,9.57,83,29.38,72,24.56,162,16.7,267,14.2,248,15.16,97
2012,"Utah St.",77.05,90,-0.48,233,-0.06,177,0.36,121,0.98,91,1.52,76,-0.54,210,1.63,188,27.51,246,17.27,255,17.69,284,18.51,246,25.02,28,21.51,92,38.47,64,30.07,142,24.34,61,1.65,345,5.48,274,26.63,157,21.36,282,16.81,265,19.66,25,15.54,81
2012,"Utah Valley",75.9,259,-0.57,253,-1.06,283,-0.22,204,-1.67,301,0.52,158,-1.63,289,2.13,52,23.82,302,17.95,230,19.69,203,18.89,234,19.69,179,23.79,48,27.82,292,31.46,109,33.16,1,3.81,343,3.74,325,25.06,212,23.2,221,25.76,16,14.32,242,11.66,267
2012,UTEP,77.01,96,1.04,57,0.94,62,1.05,89,-1.87,312,0.13,182,1.98,43,1.02,320,25.05,286,24.41,36,21.44,132,21.05,144,19.47,189,13.62,316,40.98,30,28.16,197,17.88,183,6.67,303,6.32,238,34.89,8,20.09,310,16.15,286,13.99,260,14.89,110
2012,UTSA,76.7,141,-0.23,204,-0.06,157,1,90,1.13,73,-1.47,259,-0.29,194,2.02,72,34.82,72,19.04,198,18.78,241,23.34,67,19.77,174,19.08,170,28.95,273,27.09,218,19.8,132,15.59,50,8.57,126,22.56,283,23.96,187,21.03,120,16.89,99,15.55,80
2012,Valparaiso,76.08,232,-0.25,205,-0.02,152,0.07,176,-0.42,216,-0.47,209,-0.26,193,1.85,112,29.64,198,29.29,4,26.97,17,14.16,332,18.23,242,11.36,339,37.2,99,31.97,98,14.95,246,7.14,288,8.74,114,27.04,142,29.61,34,22.59,73,9.66,342,11.09,290
2012,Vanderbilt,78.28,9,1.2,48,1.4,32,0.08,136,2.13,24,3.52,5,2.61,25,2.29,24,29.24,206,15.99,290,15.77,317,27.12,13,25.96,17,15.16,289,35.61,125,31.22,117,25.01,48,4.89,334,3.26,334,23.6,262,28.89,43,18.27,225,13.75,269,15.49,85
2012,VCU,77.2,71,1.59,26,-0.4,232,-0.49,223,1.13,74,2.66,12,1.18,86,1.41,249,28.03,227,18.26,223,24.13,59,23.82,60,15.16,325,18.63,189,41.52,25,17.42,332,19.67,136,9.82,207,11.57,32,27.31,136,23.62,205,20,155,14.89,213,14.18,138
2012,Vermont,77.46,44,0.15,139,0.68,100,1.07,50,0.43,129,2.52,31,0.83,115,1.4,251,33.27,108,23.86,49,26.67,20,11.56,345,16.38,293,21.52,91,28.8,277,27.93,200,26.95,21,9.24,229,7.07,206,25.4,199,20.71,298,29.73,2,11.62,322,12.54,231
2012,Villanova,78.2,10,1.44,39,0.55,105,2.07,13,2.64,11,2.52,19,1.99,42,1.08,314,33.37,105,20.5,148,18.39,265,19.6,210,16.31,295,25.2,21,37.33,95,31.08,121,15.02,243,12.21,130,4.35,309,30,61,23.74,200,17.29,252,13.9,265,15.08,100
2012,Virginia,76.94,101,0.19,135,0.38,120,1.33,38,-0.34,212,-0.47,217,0.58,134,1.71,157,26.67,257,22.03,95,24.18,57,20.69,162,17.47,261,15.63,276,38.52,63,36.13,35,15.08,239,6.01,317,4.25,315,27.35,135,27.85,64,16.63,269,16.22,139,11.95,258
2012,"Virginia Tech",78.01,19,-0.1,189,1.45,29,1.07,45,2.08,36,1.54,53,1.35,73,1.27,285,29.03,210,17.53,246,16.04,315,20.83,154,21.67,101,23.93,45,38.88,54,34.31,56,8.97,331,10.38,189,7.45,183,23.25,272,25.96,119,23.7,40,13.24,288,13.85,154
2012,VMI,76.1,230,-1.64,324,-1.06,293,0.07,160,1.13,59,-1.26,244,-2.7,319,1.82,126,35.19,61,16.17,281,22.79,90,19.39,216,21.14,120,20.51,119,32.61,186,25.91,243,17.19,200,12.66,118,11.62,30,19.37,332,26.85,92,21.71,104,17.59,75,14.48,124
2012,Wagner,75.65,292,-0.54,247,-1.06,279,-1.94,333,-1.87,316,-0.47,207,-1.6,285,1.6,193,33.37,106,15.67,297,26.19,25,20.33,180,20.8,133,17.01,238,42.66,21,18.41,329,14.78,250,11.39,158,12.75,23,25.54,194,22.79,240,18.99,197,16.61,110,16.07,61
2012,"Wake Forest",77.84,24,3.03,2,1.36,35,-0.92,264,1.13,74,2.15,37,4.4,6,1.36,259,24.12,299,13.13,324,21.88,119,25.81,26,22.77,71,16.41,257,28.35,285,24.39,272,25.1,46,8.53,248,13.64,14,30.31,52,23.66,202,19.58,172,13.1,295,13.36,189
2012,Washington,78.3,8,1.31,45,0.3,129,1.07,54,3.13,4,3.52,4,1.61,64,1.27,283,23.59,306,16.03,288,16.05,314,27.13,12,26.68,8,14.11,310,31.56,217,30.52,133,15.05,242,17.01,28,5.86,258,26.81,151,24.46,166,22.75,70,15.06,200,10.93,297
2012,"Washington St.",77.47,41,1.5,32,1.78,20,0.33,124,1.13,62,1.52,70,3.29,18,1.94,89,30.07,185,25.48,25,20.96,157,17.1,283,18.31,239,18.16,208,33.64,162,26.73,226,19.55,138,15.57,51,4.5,306,25.53,195,23.89,189,20.8,128,16.24,137,13.54,173
2012,"Weber St.",76.72,133,0.6,87,0.7,99,-0.5,227,0.13,181,1.52,84,1.3,76,1.7,163,31.73,141,17.34,251,14.43,337,23.17,69,30.63,1,14.44,303,41.18,27,31.07,122,14.24,260,8.29,259,5.21,282,17.71,345,27.67,71,22.45,77,18.86,44,13.32,194
2012,"West Virginia",76.52,167,0.09,150,0.63,102,-1.07,296,-0.87,253,-0.47,213,0.72,124,1.47,234,21.42,324,20.86,128,27.17,14,15.82,311,21.57,104,14.58,299,26.9,309,39.28,18,16.7,217,9.73,209,7.4,189,25.27,205,32.49,9,11.94,339,14.9,212,15.4,89
2012,"Western Carolina",75.66,289,-0.74,267,-1.58,320,0.07,176,0.13,174,-0.54,233,-2.32,312,1.5,227,24.71,294,15.62,298,18.75,245,23.05,74,19.64,180,22.94,58,31.69,213,21.52,308,25.83,32,13.8,93,7.16,202,23.95,249,18.73,333,24.9,23,21.79,7,10.63,308
2012,"Western Illinois",76.41,185,-1.11,296,-2.48,343,-0.93,290,1.13,77,0.96,111,-3.59,333,1.77,143,18.6,339,18.72,208,20.04,185,21.48,124,21.48,111,18.27,202,36.28,116,30.84,126,12.32,294,12.32,128,8.24,148,27.24,138,25.83,122,15.79,299,15.79,159,15.34,92
2012,"Western Kentucky",76.24,217,-0.72,265,-1.06,298,-0.93,287,0.55,115,0.54,120,-1.78,292,0.84,335,34.7,75,17.99,229,19.83,193,20.61,166,20.78,135,20.79,108,31.61,214,30.62,131,10.83,315,10.71,175,16.23,6,22.55,284,20.25,307,16.56,273,17.37,83,23.27,2
2012,"Western Michigan",76.83,112,-0.01,170,0.94,73,-0.2,201,0.5,122,0.53,137,0.93,108,1.96,82,32.32,132,22.47,82,20.87,164,18.39,252,19.57,186,18.69,185,36.96,103,24.42,270,18.72,161,12.86,111,7.03,207,27.9,115,21.44,279,20.69,131,15.4,184,14.57,120
2012,"Wichita St.",77.21,68,1.84,19,-0.65,252,0.59,106,0.13,151,1.05,109,1.18,85,2.51,4,34.17,90,22.49,81,19.83,194,20.63,164,15.69,313,21.36,97,31.52,218,31.5,107,20.98,104,8.69,242,7.32,196,35.36,7,18.42,334,15.5,306,16.65,108,14.07,146
2012,"William & Mary",76.68,144,0.26,129,-0.96,268,0.07,176,0.68,108,1.53,60,-0.7,223,1.52,216,31.04,158,19.56,187,23.19,78,21.81,114,14.49,336,20.95,104,44.13,14,20.51,315,12.12,299,15.86,45,7.39,191,28.42,98,20.76,297,17.85,237,22.27,6,10.69,305
2012,Winthrop,76.59,157,-0.09,186,1.54,26,-0.5,226,-0.64,228,-1.46,247,1.46,68,2.1,57,27.89,232,19.61,184,15.75,318,16.16,301,26.27,13,22.21,72,34.51,143,28.44,187,20.42,113,8.6,245,8.04,157,23.22,274,24.86,149,19.74,162,15.02,205,17.17,28
2012,Wisconsin,76.64,150,-0.05,179,-0.06,195,-0.65,244,-0.87,248,1.52,91,-0.11,184,1.89,104,21.38,325,21.41,118,18.59,250,17.32,277,18.66,230,24.02,40,27.61,301,30.22,137,20.15,123,11.36,159,10.66,48,22.37,290,26.95,89,19.27,185,16.52,112,14.89,111
2012,Wofford,76.72,135,-0.11,190,-0.06,174,2.07,14,-0.87,245,0.52,156,-0.17,188,1.74,150,17.16,342,17.58,245,17.72,283,18.65,242,21.98,93,24.07,38,30.15,245,28.37,194,23.81,73,13.01,107,4.66,302,22.47,287,20.03,311,20.46,136,24.16,3,12.89,208
2012,"Wright St.",76.26,214,0.4,116,1.4,33,-0.28,206,0.13,177,-2.47,302,1.8,55,1.3,276,39.67,20,20.8,131,19.04,233,14.76,326,23.8,48,21.59,85,47.34,9,29.68,152,10.29,324,7.7,277,4.98,287,29.32,75,25.41,139,17.46,248,13.96,263,13.84,156
2012,Wyoming,76.04,244,0.06,153,0.94,73,0.07,170,1,89,-2.48,324,1,102,2.33,20,25.61,274,21.97,97,22.6,96,21.53,122,21.64,103,12.27,334,25.24,323,39.72,13,12.66,288,14.01,88,8.37,133,22.42,289,34.92,4,18.73,205,13.13,292,10.8,302
2012,Xavier,76.48,173,1.34,44,0.94,73,-0.87,255,-1.87,315,-0.47,201,2.28,36,1.99,78,30.02,188,20.18,164,13.27,343,20.01,193,25.99,16,20.54,117,36.95,105,34.54,49,21,102,3.92,342,3.59,328,25.68,189,24.04,185,23.06,59,15.07,199,12.16,242
2012,Yale,76.66,146,1.06,55,-0.35,229,0.07,155,-0.45,219,-0.48,229,0.72,125,1.89,106,26.14,268,30.45,1,16.59,302,17.14,281,15.32,321,20.5,120,37.29,96,27.65,206,20.34,115,9.92,203,4.8,296,32.92,21,23.76,197,20.63,133,13.14,291,9.55,336
2012,"Youngstown St.",75.68,285,-0.96,283,-0.47,236,-0.93,286,-0.71,235,0.52,153,-1.44,272,1.92,92,15.4,345,15.53,299,19.56,208,16.85,287,20.52,149,27.54,8,36.82,109,23.21,287,22.18,87,9.67,212,8.11,153,23.42,268,26.7,97,19.54,175,15.43,182,14.9,108
