Season,TeamName,FG2Pct,RankFG2Pct,FG3Pct,RankFG3Pct,FTPct,RankFTPct,BlockPct,RankBlockPct,OppFG2Pct,RankOppFG2Pct,OppFG3Pct,RankOppFG3Pct,OppFTPct,RankOppFTPct,OppBlockPct,RankOppBlockPct,F3GRate,RankF3GRate,OppF3GRate,RankOppF3GRate,ARate,RankARate,OppARate,RankOppARate,StlRate,RankStlRate,OppStlRate,RankOppStlRate,DefensiveFingerprint
2015,"Abilene Christian",42.0106,338,37.8026,43,72.7924,55,3.4519,348,55.2301,349,36.9658,292,68.7107,132,12.5926,331,36.2348,121,32.8652,132,55.3333,126,51.6405,139,0.0914,182,0.0903,137,10
2015,"Air Force",53.8983,12,35.4344,114,65.859,289,6.9597,286,51.5263,301,36.5891,279,68.9788,153,11.8644,318,39.8777,49,44.0574,349,63.0657,11,63.6778,344,0.1031,88,0.0946,191,-9.6
2015,Akron,46.7,219,34.9345,141,66,286,12.1212,61,43.7799,37,33.0325,101,67.8812,96,9.6,173,47.8079,6,30.6416,75,53.6213,158,48.4973,56,0.0966,143,0.1075,303,11.5
2015,Alabama,52.275,33,32.2009,258,71.8407,89,10.8756,106,46.5438,125,32.6121,83,71.345,285,7.8868,42,40.6363,39,37.3557,275,46.3946,308,54.6089,225,0.0985,123,0.0793,39,2.1
2015,"Alabama A&M",45.4348,276,29.0614,338,64.7635,315,6.1281,317,50.6964,276,33.1828,113,62.2611,2,9.0217,123,37.5848,85,29.1447,29,58.2038,64,48.4848,54,0.0873,225,0.1078,305,9.1
2015,"Alabama St.",46.4041,233,35.4023,116,65.4054,301,10.541,121,45.3358,82,33.6152,137,65.2727,15,6.7637,10,27.1366,323,30.6149,74,52.0115,192,50.3876,98,0.0874,224,0.105,290,10.3
2015,Albany,47.8976,159,35.8392,96,75.8462,13,5.4809,332,46.2254,107,36.2319,269,69.9801,216,10.6033,258,34.3337,168,41.6415,337,47.8738,281,54.5194,223,0.0923,177,0.078,34,0.4
2015,"Alcorn St.",43.2612,323,28.4047,342,65.6832,296,6.8354,294,50.8861,280,38.1818,327,67.3621,72,8.3195,71,29.9534,280,29.4643,38,39.1892,350,50.7576,110,0.0866,233,0.0768,27,7.6
2015,American,51.7621,41,37.303,55,70.5305,130,8.0229,243,50.9074,282,34.2574,175,67.8363,94,10.022,210,38.6072,65,32.5387,126,59.7365,40,51.1331,118,0.1026,95,0.0874,105,9.6
2015,"Appalachian St.",44.4773,298,31.6327,281,70.8178,115,5.3935,335,51.5473,303,32.2718,71,68.2724,112,9.1716,135,36.7041,105,29.4007,36,49.9215,240,49.5238,73,0.0633,342,0.0934,175,11.1
2015,Arizona,53.2637,19,36.0075,89,71.8686,87,9.8054,156,42.7395,18,33.4959,134,69.7802,196,6.3316,5,25.9188,335,31.5223,93,52.329,181,47.619,38,0.1084,55,0.071,8,17.2
2015,"Arizona St.",49.9136,83,35,134,66.7102,259,6.0676,320,48.6175,206,36.2235,268,69.7262,192,12.4352,329,36.3036,119,28.5008,20,53.2756,168,51.4007,129,0.0871,226,0.091,147,13.6
2015,Arkansas,48.8449,118,34.9486,138,72.4054,70,12.0258,63,46.2419,108,35.1735,218,71.4829,291,6.8647,12,31.0109,254,31.2161,84,59.2025,49,51.4384,131,0.109,50,0.081,44,8
2015,"Arkansas Little Rock",45.7766,258,33.9869,183,70.9416,110,7.567,261,49.1379,226,36.2862,272,67.7177,87,7.4478,31,35.7268,136,35.9902,235,50.9831,218,52.2039,159,0.0848,253,0.0694,5,6.4
2015,"Arkansas Pine Bluff",44.1091,312,33.2242,214,67.9795,229,10.6509,116,48.8166,209,36.9069,288,67.2704,68,8.4713,83,37.3016,92,35.9444,233,49.2378,259,59.0071,312,0.1362,5,0.1155,337,1
2015,"Arkansas St.",44.093,313,32.0329,268,69.5146,167,7.9439,247,47.5701,159,33.0935,108,67.3759,74,6.9767,15,31.178,251,34.1943,168,47.7778,284,47.619,38,0.0769,304,0.0986,234,6.2
2015,Army,51.0597,55,32.2239,257,68.3824,216,8.8564,203,49.871,254,35.7895,249,66.8666,54,10.1156,214,38.9052,58,28.9988,26,55.0471,132,54.4,219,0.0877,221,0.1,250,9.2
2015,Auburn,43.3843,321,35.0355,133,66.7043,260,6.8938,290,53.7713,339,33.2776,118,70.2738,233,13.5014,346,38.8216,60,32.6597,128,48.834,263,50.6961,107,0.098,129,0.0976,225,9.1
2015,"Austin Peay",44.186,308,30.1075,319,66.0938,280,11.0995,91,53.1937,336,38.6029,337,72.5217,323,8.3721,75,30.1948,276,36.2909,246,53.9837,152,53.8997,201,0.0928,174,0.1159,338,5.3
2015,"Ball St.",47.7193,168,33.635,197,69.7026,156,6.7797,298,51.8445,314,35.6998,242,69.5238,183,11.5789,304,43.6759,16,32.9545,134,56.5769,96,51.1494,120,0.0795,287,0.1145,331,10.4
2015,Baylor,46.1282,243,38.1818,34,67.0014,250,10.8963,105,46.3972,117,29.794,8,64.6127,11,10.8243,274,33.4994,193,35.6699,223,60.2548,33,69.5531,351,0.1247,13,0.104,283,-8.1
2015,Belmont,56.3256,3,37.6951,47,69.1622,179,5.4124,334,51.2027,292,34.3239,178,71.2355,272,12.3212,328,47.8186,5,36.6358,257,58.4746,62,51.1487,119,0.0933,169,0.097,219,2.8
2015,"Bethune Cookman",44.3867,302,29.1417,336,71.0169,103,8.0882,241,47.479,158,33.0629,104,70.1493,228,10.2911,234,34.2447,169,34.1176,165,41.0122,345,53.3333,193,0.0869,230,0.1018,263,6.7
2015,Binghamton,43.9348,316,30.6,311,66.1017,279,7.518,263,49.8455,251,37.4587,305,67.7298,88,6.9317,14,33.761,181,38.4274,301,43.1507,337,56.3994,269,0.0866,235,0.1002,251,-0.4
2015,"Boise St.",49.6496,90,38.8732,24,72.3827,71,6.8545,293,48.0751,180,31.25,38,69.9809,217,9.7097,183,41.5448,34,35.7272,225,48.3161,270,49.4978,72,0.0937,166,0.0734,17,9
2015,"Boston College",52.0894,36,32.4451,250,70.5479,128,7.4588,268,49.0026,215,33.4594,129,72.198,316,10.3013,235,38.2723,68,31.4507,90,56.6622,94,53.504,196,0.0882,211,0.082,59,9.3
2015,"Boston University",50.7841,62,36.8852,68,69.7063,155,5.526,330,50.9033,281,37.3016,300,71.3472,286,8.9264,110,42.3905,25,40.1018,323,54.7988,141,62.1849,336,0.0838,258,0.0828,65,-4.9
2015,"Bowling Green",48.5507,130,33.8028,190,71.8584,88,11.3722,80,46.1466,105,32.5581,80,69.3285,171,9.6014,174,36.6609,106,37.7414,287,51.9947,195,48.3595,51,0.1038,85,0.0994,242,5
2015,Bradley,40.6988,345,30.0687,322,66.8277,255,9.4118,177,47.1658,146,36.9258,290,69.1198,160,10.7649,266,35.4662,141,37.7082,285,48.0198,276,60.4615,328,0.1066,68,0.0985,232,3.6
2015,Brown,47.2056,201,31.1377,303,69.6746,157,10.8131,107,46.9723,136,34.7059,196,69.1928,163,12.9741,335,33.3333,199,30.6122,73,51.9873,198,50.6944,106,0.0655,338,0.1152,334,8.4
2015,Bryant,46.8932,208,34.6095,153,75,17,6.9873,285,48.9111,211,31.5271,46,72.5203,322,10.7767,267,38.7998,62,35.5932,220,53.7377,155,52.5308,169,0.0785,294,0.1005,256,2.5
2015,Bucknell,46.1603,241,38.0623,38,70,149,6.9544,287,47.7218,163,36.6224,281,74.3777,349,11.9831,322,32.785,217,29.64,44,54.7588,142,46.5823,25,0.0621,345,0.0798,42,14.7
2015,Buffalo,47.6475,172,34.1338,179,71.917,85,11.2254,85,47.9863,173,32.9593,96,66.3566,42,8.1404,59,30.333,271,37.9255,290,51.7324,206,49.3082,67,0.1093,47,0.0899,127,4.5
2015,Butler,46.3487,236,35.5556,109,68.5789,205,8.7734,208,47.1039,140,30.6557,23,68.2353,110,11.2519,291,28.6929,299,34.1928,167,47.543,293,50.1351,90,0.0979,132,0.0821,61,9.9
2015,BYU,50.2024,76,38.9902,19,76.7836,6,7.2419,273,49.6148,243,33.0645,105,69.9068,208,9.5547,171,36.6016,110,32.3253,118,60.3563,31,55.9482,256,0.0973,136,0.0905,139,6.5
2015,"Cal Poly",42.4519,333,31.5682,284,67.0968,248,8.6674,214,47.3456,154,35.6164,238,70.4225,244,9.7264,185,33.2206,204,32.1822,112,45.993,317,56.3238,264,0.0879,213,0.065,1,3.8
2015,"Cal St. Bakersfield",45.0096,287,32,271,72.4613,68,6.4117,311,44.4319,54,36.5854,278,69.5527,184,11.0365,285,32.4254,229,37.4824,279,58.5056,58,55.0847,239,0.0879,214,0.0847,82,8
2015,"Cal St. Fullerton",44.8529,292,31.7719,277,68.7392,198,5.7223,326,48.1238,182,38.6905,338,69.7205,190,10.2022,221,31.0956,253,32.1019,108,44.2547,332,55.0847,239,0.0751,315,0.0901,131,8.8
2015,"Cal St. Northridge",44.2846,304,33.0097,226,76.5672,11,10.3286,131,48.5446,201,36.6218,280,70.2572,231,6.813,11,18.9571,351,38.5813,306,60.5531,28,56.0367,261,0.0814,275,0.1038,281,-0.6
2015,California,46.9719,206,35.8527,95,65.0177,309,9.2431,184,45.6332,89,33.4047,127,69.7902,197,9.0103,121,27.5936,316,25.3666,5,50.3045,232,45.5939,16,0.0622,344,0.0753,23,20
2015,Campbell,46.472,231,36,90,62.3106,343,8.3759,224,52.7068,326,34.6809,192,72.0325,312,9.2457,147,44.1576,14,32.4362,122,57.6299,76,49.9264,82,0.1053,74,0.1015,261,11.1
2015,Canisius,46.0826,244,31.7578,279,71.9799,84,10.0559,144,46.0894,104,32.2222,68,68.9755,151,9.604,175,36.3197,118,36.9718,262,61.0236,22,60.1719,325,0.1044,80,0.0936,181,0.1
2015,"Central Arkansas",46.4876,230,35.2518,122,67.7796,237,9.3519,179,54.3888,346,37.6016,312,69.0934,159,10.9504,279,36.4829,115,28.7551,22,55.8824,116,52.9481,182,0.088,212,0.1315,348,7.5
2015,"Central Connecticut",43.2432,324,32.1586,261,70.9812,105,9.2924,180,51.2361,293,34.4774,186,70.9677,264,9.3366,156,27.1045,324,35.3363,211,50.4451,229,53.163,189,0.0769,303,0.102,265,-2.8
2015,"Central Michigan",53.6615,15,36.9171,66,72.7428,56,6.7677,299,51.7172,305,34.4029,183,67.6157,84,10.5642,255,48.0997,3,36.1702,242,52.1858,187,45.3901,14,0.1029,91,0.0712,9,9.1
2015,"Charleston Southern",46.7429,215,33.724,194,70.3833,135,6.2092,315,50.5447,270,36.7412,284,71.8563,309,12.9143,334,46.7438,7,40.544,332,51.1976,214,51.4409,132,0.097,140,0.0821,60,1.5
2015,Charlotte,49.7727,87,37.6404,48,64.9635,310,6.7912,296,48.3022,191,36.4568,275,70.1299,227,8.1818,61,28.8026,297,36.7007,259,50.9324,221,52.5672,173,0.0933,170,0.0888,119,1.8
2015,Chattanooga,49.9033,84,34.375,168,68.7943,196,16.3683,5,46.2916,112,35.0446,209,68.7143,133,12.2824,326,35.7764,132,27.6373,13,48.4594,267,44.2857,10,0.0877,220,0.0872,102,16.1
2015,"Chicago St.",40.5155,346,30.1887,318,68.4086,213,9.6927,164,50,258,38.1132,325,68.1941,108,10.5155,252,37.5402,86,38.5174,304,44.9912,328,59.84,321,0.1212,17,0.1152,336,3
2015,Cincinnati,49.5826,92,32.9389,230,66.9826,251,15.3782,7,42.2278,11,31.9468,63,65.1064,13,8.1803,60,29.7361,282,33.3149,146,51.774,203,54,205,0.108,57,0.092,161,1.1
2015,Clemson,46.5409,228,29.8951,327,68.2211,222,12.7846,44,43.8704,41,32.8042,92,68.8555,145,8.0863,57,33.9466,172,33.1773,141,47.8955,279,52.4017,164,0.0857,245,0.0995,247,3.5
2015,"Cleveland St.",48.8543,117,37.9085,40,68.4906,207,10.7143,108,45.6349,90,36.2039,266,67.344,70,8.2493,66,35.9366,126,36.0812,239,56.2092,108,58.8589,311,0.1173,23,0.0994,243,3.4
2015,"Coastal Carolina",48.0909,151,35.8929,94,70.5426,129,9.8477,152,45.7868,97,33.7984,151,71.0526,268,7.3636,25,33.7349,183,39.5706,316,45.8904,318,52.9148,181,0.0984,125,0.0902,134,1.6
2015,Colgate,53.7755,13,39.6104,12,69.4064,172,7.5488,262,47.8686,169,37.757,317,66.7238,51,9.1837,137,38.5965,66,32.2095,115,54.7341,143,49.6626,76,0.0805,280,0.0927,169,10.4
2015,"College of Charleston",43.1979,325,34.2609,173,66.0036,285,8.5333,221,45.4222,86,35.8349,252,68.1934,107,10.6007,257,33.6848,185,32.1472,110,46.2099,313,50.7123,108,0.0887,207,0.0877,108,11.1
2015,Colorado,47.7376,167,33.4579,204,71.3158,99,11.0926,93,46.5388,124,35.3191,224,70.3876,242,9.2006,141,28.748,298,37.0273,263,49.1379,261,52.4164,165,0.0839,257,0.1025,267,3.5
2015,"Colorado St.",48.9708,111,34.7697,150,67.7922,235,9.913,149,45.6522,92,36.248,271,65.3716,16,7.2041,22,36.596,111,35.3569,213,59.3789,45,51.3944,128,0.0848,252,0.0816,52,7.4
2015,Columbia,49.7326,88,35.9055,92,70.7692,118,10.0735,142,47.2193,149,33.09,107,70.2495,230,12.7005,332,45.9147,8,30.132,55,52.3333,180,48.1229,47,0.0772,300,0.0908,145,11.5
2015,Connecticut,48.3572,140,35.4232,115,70.798,116,14.8178,10,42.834,20,33.2273,115,68.4211,122,10.7835,269,34.9589,155,33.7446,157,52,193,50.9485,114,0.0764,306,0.0893,124,5.3
2015,"Coppin St.",42.4474,335,35.309,119,69.1622,179,7.9263,248,53.1625,335,38.4201,330,70.235,229,9.4646,163,43.1213,20,30.8416,79,51.9337,201,54.2141,212,0.0903,193,0.0844,80,5.4
2015,Cornell,44.1113,311,30.3085,316,74.7856,20,14.4221,14,43.1601,26,33.2743,117,68.8498,143,8.8865,107,37.1044,96,37.4668,278,49.2228,260,55.1261,241,0.0911,184,0.0831,67,5.6
2015,Creighton,47.591,176,34.5646,157,72.5155,66,6.7249,303,46.8996,133,37.9906,323,68.4034,121,11.0128,283,42.7042,24,35.7464,226,60.1877,37,54.9422,234,0.0693,333,0.0924,167,2.7
2015,Dartmouth,47.9208,158,34.6,154,64.564,319,11.5561,76,47.8261,166,35.4244,227,68.9256,147,8.4158,78,33.1126,210,38.2768,297,54.3379,148,55.7377,252,0.1197,20,0.0936,178,5
2015,Davidson,53.1157,20,38.6792,25,69.6226,160,7.4875,265,51.4143,298,29.9658,11,63.754,5,12.2651,325,45.6159,9,32.6988,129,60.9249,24,49.6847,77,0.0785,295,0.0751,22,7.3
2015,Dayton,52.6267,29,35.6185,106,68.6391,201,7.188,278,46.5245,123,32.4921,78,67.8141,92,11.4286,300,38.2118,71,33.3684,149,60.4938,29,54.3396,215,0.1078,60,0.0819,57,7.5
2015,Delaware,44.486,297,34.5486,159,68.5805,204,9.845,153,46.6727,129,36.9863,293,70.1031,223,10.4673,246,34.9939,152,37.4572,277,55.7037,118,56.5563,274,0.0641,341,0.0986,236,-2.2
2015,"Delaware St.",44.7581,293,34.98,135,70.7668,119,10.0781,141,47.9688,172,33.4677,132,68.8187,140,10.5645,256,37.6571,81,36.7589,260,47.858,282,55.0406,238,0.0704,332,0.1019,264,-0.1
2015,Denver,55.5128,5,38.0306,39,76.5808,10,5.9013,323,51.7167,304,37.1212,298,71.3235,282,8.4615,81,43.0241,21,29.8193,53,69.5586,1,48.4897,55,0.1013,105,0.0883,117,20.4
2015,DePaul,49.2263,99,35.1773,127,72.126,78,10.3128,132,52.6627,325,31.203,35,73.0539,335,9.7679,190,40.5405,41,31.0204,81,52.1797,188,48.289,50,0.0972,137,0.1078,306,11.9
2015,Detroit,46.3009,239,37.9004,41,69.1769,178,10.2911,134,53.0146,331,33.6923,145,70.0514,220,8.8944,109,31.8414,236,40.3226,327,53.3766,165,58.5734,309,0.1084,56,0.0891,121,3
2015,Drake,47.3684,187,40.6316,5,76.9063,5,6.002,321,53.2045,337,38.4755,332,69.8073,199,10.4119,243,35.2113,149,35.9192,232,57.8254,71,51.5646,136,0.0748,317,0.1114,322,2.8
2015,Drexel,42.6263,332,32.9524,228,74.2515,25,9.7328,161,48.9504,212,35.141,216,67.5325,81,10.303,236,34.6535,163,30.55,72,52.2689,183,52.1481,157,0.0818,270,0.0879,113,8.5
2015,Duke,55.9287,4,38.6612,26,69.874,153,9.0413,192,46.2985,113,31.4376,44,69.1606,161,8.2934,67,33.4094,198,27.751,15,53.5032,161,46.9854,30,0.1074,63,0.0835,71,9.8
2015,Duquesne,49.4931,94,36.1502,86,63.2799,336,9.5506,171,47.6592,161,38.4615,331,67.8275,93,8.5714,92,37.065,98,40.101,322,57.5521,77,64.6684,346,0.0746,318,0.0815,51,-10.6
2015,"East Carolina",45.2217,281,35.6121,108,68.0894,225,5.5449,328,52.9637,330,31.5789,48,67.7419,89,13.3005,340,38.2603,69,36.0245,237,59.2972,47,57.027,285,0.0953,154,0.0917,158,-1.5
2015,"East Tennessee St.",45.4651,272,36.7288,73,72.5806,63,8.3236,229,49.4725,237,35.8098,251,70.4334,247,14.0698,350,44.7656,13,44.1022,350,52.3957,179,62.4434,339,0.1124,40,0.1061,297,-6.4
2015,"Eastern Illinois",47.8484,161,37.4172,52,65.3409,303,11.6258,74,47.2298,151,34.3699,181,71.1896,270,9.3238,155,38.2278,70,35.6893,224,57.8644,70,51.5068,134,0.0874,223,0.1031,277,2.7
2015,"Eastern Kentucky",54.9464,7,35.1421,128,78.0347,2,9.9237,146,49.9455,257,39.2,344,67.5325,81,10.4887,251,47.9851,4,40.5318,329,60.7094,27,67.2831,349,0.141,2,0.0955,201,-5.7
2015,"Eastern Michigan",46.6981,220,31.4417,290,71.5893,95,12.2943,58,44.0465,47,33.1279,111,69.0909,158,9.6226,176,38.0841,75,38.585,307,46.1429,314,64.0299,345,0.1227,16,0.0829,66,-3.8
2015,"Eastern Washington",52.1657,35,39.3078,17,71.7325,90,12.2466,59,49.1554,228,38.6997,339,71.6237,296,11.5819,305,43.2389,18,35.3005,207,45.7569,323,57.2115,288,0.0897,200,0.0834,70,1.4
2015,Elon,45.1209,283,34.4551,164,68.3969,214,3.8391,347,50.6399,274,34.965,207,67.1662,63,10.1164,215,35.8415,129,34.3337,175,47.5661,291,49.8674,81,0.0912,183,0.0917,157,10.5
2015,Evansville,51.8162,38,35.2941,121,74.8092,19,9.8726,150,47.4522,157,35.5283,234,71.3333,283,10.2298,225,23.9572,347,34.2064,169,63.6042,8,51.8116,143,0.0834,262,0.098,227,7.8
2015,Fairfield,43.1535,326,32.2476,254,71.6239,94,9.0985,189,47.1619,145,34.3387,179,67.1942,65,7.8838,41,38.91,57,26.4579,7,52.7687,174,53.4362,195,0.0784,296,0.1038,282,11.1
2015,"Fairleigh Dickinson",45.5005,269,32.1131,262,68.9338,191,8.9876,196,52.4793,323,34.7222,197,69.2005,164,11.6279,310,37.7987,80,34.2391,172,46.8118,299,54.9048,232,0.1255,12,0.0936,179,5
2015,FIU,48.6439,126,31.2775,297,64.3216,327,13.0806,38,46.3507,116,33.6858,144,66.1367,34,10.3237,237,28.4283,304,38.5556,305,47.851,283,58.0056,297,0.0985,122,0.118,341,-1.5
2015,Florida,50.2752,73,32.3923,251,63.472,333,10.4517,126,44.5527,58,32.7553,90,74.4783,350,11.9266,319,38.1736,73,31.4927,92,56.2663,104,51.7088,141,0.1092,48,0.0872,103,10.7
2015,"Florida A&M",40.8712,344,28.266,346,64.903,311,6.0904,318,54.0275,342,35.122,214,64.386,7,9.8239,194,28.0667,308,37.6607,284,43.0357,338,59.2689,315,0.075,316,0.1081,307,-4.4
2015,"Florida Atlantic",45.6354,261,34.9462,139,67.8133,233,7.6323,257,51.2576,295,29.8701,9,69.9454,214,11.8232,317,38.1408,74,21.0815,1,44.5724,331,40.7028,3,0.0674,335,0.0994,245,22.6
2015,"Florida Gulf Coast",46.9849,205,33.9048,187,66.6081,264,10.4977,123,45.7919,98,29.5798,5,67.9117,98,6.5327,8,30.541,265,35,194,56.0217,111,45.3079,12,0.0866,234,0.0891,122,7
2015,"Florida St.",51.419,48,31.2766,298,67.0077,249,12.7435,45,46.5097,121,32.5464,79,70.0867,221,7.0952,20,28.1775,307,32.4932,124,49.8034,243,51.5666,137,0.0828,264,0.0938,182,6.5
2015,Fordham,47.7598,165,29.8305,329,72.1402,77,11.4594,78,49.5593,240,34.1256,169,67.3621,72,8.9609,115,35.9976,125,36.5839,255,54.3575,147,53.6068,198,0.1017,98,0.1128,328,5.4
2015,"Fresno St.",47.2222,200,31.2977,296,69.2939,175,10.2713,136,47.9651,171,34.8162,200,69.3878,179,9.1954,139,33.4184,197,33.3764,150,44.9011,329,53.9259,202,0.1155,30,0.0841,77,8.2
2015,Furman,48.8575,116,32.8383,233,66.7162,258,8.1726,237,51.3315,296,36.0406,257,66.2866,40,13.1665,339,39.7377,51,35.1786,201,47.0679,296,55.9585,257,0.0819,268,0.1109,319,0.6
2015,"Gardner Webb",50.4356,71,34.5895,156,67.9104,231,4.7913,341,51.932,317,37.8428,318,68.8433,141,11.2294,290,41.8356,32,29.7121,47,61.1825,20,49.3743,70,0.0915,181,0.0943,187,7
2015,"George Mason",44.8963,289,31.5657,285,66.8693,254,10.668,113,48.3549,196,35.2531,220,71.3068,278,9.4606,162,24.7345,345,36.3579,248,44.1441,333,54.8763,231,0.0895,202,0.1027,271,5
2015,"George Washington",47.2822,193,35.2294,124,67.374,245,10.65,117,44.8708,68,31.8862,60,68.206,109,10.9456,278,28.8665,296,34.3445,176,49.3349,255,49.6183,75,0.087,228,0.0995,246,4.3
2015,Georgetown,50.5068,70,35.3251,118,70.3511,138,14.0794,17,43.1408,24,36.1842,265,71.0317,267,10.2196,224,32.4586,226,35.4312,214,53.4418,164,52.4355,167,0.1155,31,0.0915,153,7.4
2015,Georgia,47.2315,198,34.2007,175,69.2494,177,12.3974,55,43.1856,27,31.1747,33,69.9225,212,10.4866,250,31.0983,252,35.2816,205,55.0201,134,47.6126,37,0.0841,255,0.0923,166,7.4
2015,"Georgia Southern",47.5193,177,31.3665,293,66.1319,276,9.1295,187,45.8599,99,31.2388,37,67.7551,90,8.9305,112,41.5216,35,37.1581,268,46.7615,301,49.0099,62,0.1057,73,0.0815,50,4.5
2015,"Georgia St.",53.3892,17,32.2,259,73.06,48,13.5214,32,43.0934,23,33.109,110,71.6312,297,6.2452,4,27.5786,317,41.9537,340,52.4362,178,63.5704,343,0.1394,4,0.0706,7,-6.8
2015,"Georgia Tech",46.0657,245,26.6802,349,64.8214,313,9.4203,176,49.9094,256,31.8519,59,69.1892,162,9.3201,154,27.2778,320,32.8467,131,49.3188,256,54.3568,217,0.0879,215,0.1003,253,7.3
2015,Gonzaga,56.9666,2,39.9689,9,68.8378,194,8.1911,236,41.9795,7,32.967,97,66.6667,47,6.4586,7,31.8159,238,30.3045,61,57.0058,88,43.7576,9,0.0891,205,0.085,84,12.9
2015,"Grambling St.",38.3828,351,28.2799,345,64.8184,314,4.55,345,54.3027,345,32.0896,64,63.1052,3,9.826,195,25.9848,333,34.6477,187,43.0085,339,56.0333,260,0.0802,283,0.1323,349,-0.8
2015,"Grand Canyon",50.2,77,33.7434,192,72.655,57,7.9106,249,49.2691,231,33.5968,136,68.9884,155,8,50,36.2651,120,30.3176,63,51.7291,207,46.8371,28,0.0818,269,0.0772,29,9.3
2015,"Green Bay",51.7742,39,28.3146,344,63.9517,330,12.8136,42,43.9964,43,33.6777,141,66.9811,57,8.3065,69,26.4095,327,30.25,58,55.9896,114,51.3761,127,0.1151,33,0.0933,174,11.9
2015,Hampton,45.5715,264,30.4075,315,65.1921,307,10.4989,122,44.5272,57,33.9071,155,68.4932,126,9.9924,206,32.5676,221,30.1975,57,46.7337,302,45.9119,19,0.0962,146,0.0778,33,15.9
2015,Hartford,46.0072,249,32.5215,247,70.3057,139,4.7669,342,52.0127,319,31.6206,50,67.4304,77,10.6079,259,45.4131,10,34.8966,190,55.6281,119,52.0737,155,0.097,142,0.09,128,10.1
2015,Harvard,45.5399,265,34.2932,171,72.1137,79,12.6674,48,44.4902,56,34,163,67.2377,66,7.9812,49,26.3994,328,31.6678,96,56.3312,103,51.9658,150,0.1088,51,0.084,76,8.6
2015,Hawaii,49.3216,95,32.8267,234,68.9459,189,10.9322,102,45.1695,76,34.7896,198,71.7881,306,7.7414,36,34.4322,166,34.3715,179,52.0384,191,55.8824,255,0.1355,7,0.0854,88,4.5
2015,"High Point",49.2576,97,38.6139,27,73.8434,37,8.0437,242,49.7517,249,35.7698,248,71.5385,294,7.0742,19,30.6061,262,38.9697,314,55.0725,130,50.342,97,0.0898,196,0.1056,294,1.5
2015,Hofstra,50.9354,57,36.2007,85,70.0375,148,7.1885,277,48.8019,208,33.9089,156,70.8618,261,9.0136,122,41.5797,33,33.7215,156,58.204,63,54.4135,220,0.1072,65,0.0713,10,7.2
2015,"Holy Cross",45.4458,275,33.71,195,71.5847,96,13.8493,26,51.7312,307,37.5276,307,71.5008,292,9.3001,152,33.7357,182,31.5679,95,48.2389,273,58.4071,307,0.1154,32,0.0811,46,7.6
2015,Houston,45.2333,280,32.0148,270,68,228,10.3952,128,48.3677,197,33.6788,142,66.6667,47,10.142,218,45.0696,12,33.2186,143,53.3333,166,55.6728,251,0.0886,208,0.1064,298,1.5
2015,"Houston Baptist",47.4576,181,31.5476,286,72.8653,52,8.1319,239,50.989,285,37.8824,321,72.7273,328,10.2692,229,25.0934,344,31.8352,99,46.3918,309,52.32,162,0.0808,278,0.1028,274,8.3
2015,Howard,47.432,184,28.9294,339,69.8873,152,12.5402,51,44.8017,67,31.4092,42,69.6721,187,9.9698,203,30.6564,259,38.6991,309,38.9632,351,61.194,330,0.1125,39,0.0923,165,-3.7
2015,Idaho,49.1974,102,41.0448,2,70.7792,117,5.6354,327,53.0387,332,36.2974,273,69.3939,180,8.0264,55,33.605,187,43.1175,345,50.0675,237,51.3032,126,0.0654,339,0.0731,15,2.1
2015,"Idaho St.",46.594,224,34.9081,143,65.146,308,8.3527,225,49.3039,232,37.014,294,74.0458,346,9.9909,205,25.7085,337,42.7243,343,46.904,297,61.8401,334,0.1042,81,0.0736,18,-8.2
2015,Illinois,44.4444,300,35.5224,111,79.4266,1,9.1944,185,47.2855,152,32.866,93,71.4022,287,8.8402,103,35.2076,150,35.9865,234,49.4911,252,51.265,124,0.0962,147,0.074,21,5.2
2015,"Illinois Chicago",41.4931,340,31.8105,275,73.8881,35,7.3048,272,51.8892,316,40.2863,351,68.3969,119,13.4549,344,33.9071,175,29.1071,28,56.4565,101,61.7178,333,0.089,206,0.0866,96,5.4
2015,"Illinois St.",46.8482,210,34.396,166,71.2977,100,12.8361,41,45.8803,100,32.7616,91,68.9557,149,7.1595,21,31.6853,240,33.5829,152,47.5836,289,58.0556,300,0.1098,44,0.0911,148,5.3
2015,"Incarnate Word",51.7685,40,34.968,137,73.5433,40,9.9222,147,50.5837,273,35.514,233,72.9636,332,9.0032,120,33.4522,196,29.3956,35,47.1406,295,54.0179,206,0.1072,64,0.0773,30,9.4
2015,Indiana,50.2078,75,40.5852,6,71.8894,86,7.8148,251,50.9407,283,32.4503,77,67.8955,97,12.0532,324,39.5173,52,30.4129,67,51.2459,213,47.5556,35,0.0744,319,0.0915,154,8.2
2015,"Indiana St.",46.6019,223,35.7143,102,70.1378,144,8.4864,222,44.7069,65,38.5567,334,73.2026,337,10.2481,227,39.9222,47,29.7912,52,57.8221,72,49.8567,80,0.085,250,0.1123,324,12
2015,Iona,51.269,51,39.5857,14,70.0521,146,8.982,198,45.7086,94,35.461,229,69.8413,201,10.9983,281,42.3696,26,31.9293,103,60.3158,32,54.1089,209,0.0911,185,0.0838,74,1.3
2015,Iowa,47.3288,190,33.3333,210,74.4122,24,13.0903,37,43.662,34,32.6149,84,69.4394,181,9.1046,130,30.2362,274,36.5738,253,58.7089,56,54.244,213,0.0987,120,0.0906,142,0.4
2015,"Iowa St.",54.2903,11,36.2259,84,69.6255,159,9.7365,160,45.2416,79,34.6853,193,73.3467,339,9.1419,131,36.7968,104,34.3585,178,58.0851,66,55.6582,250,0.0918,180,0.0813,49,0.5
2015,IPFW,52.6077,30,36.3303,81,68.942,190,7.5962,260,49.9038,255,35.9848,255,71.4286,289,9.7506,188,38.192,72,33.6735,155,59.3656,46,47.5317,34,0.08,285,0.0838,75,8.9
2015,IUPUI,47.2849,192,29.6471,331,70.1128,145,6.0018,322,48.4765,199,38.3367,329,70.258,232,10.6934,262,26.2022,330,31.2817,86,50.289,233,51.2605,123,0.1068,67,0.1264,347,12.7
2015,"Jackson St.",43.7002,319,27.4194,348,64.6566,318,8.5443,220,47.1519,144,34.103,166,68.7882,137,11.0048,282,30.7947,257,37.2601,271,46.2197,311,54.1471,210,0.097,139,0.1066,299,11.3
2015,Jacksonville,43.1316,327,35.8149,98,66.3907,270,6.7901,297,54.1152,344,36.7797,286,70.462,250,11.3353,294,32.3147,230,37.7721,289,46.0925,315,56.393,268,0.0926,176,0.09,130,-0.2
2015,"Jacksonville St.",42.2925,336,29.517,333,71.0169,103,10.5505,120,50,258,35.654,240,67.0492,58,11.6601,312,35.5824,138,30.3069,62,56.8297,90,55.6022,249,0.0959,149,0.0901,132,5.3
2015,"James Madison",49.6183,91,37.1941,60,70.4286,133,6.8662,292,48.2394,186,35.6835,241,70.8904,263,10.7824,268,36.9055,101,37.9574,294,56.016,112,56.7839,279,0.0996,115,0.1025,268,-2.4
2015,Kansas,46.3932,234,37.9004,41,72.4466,69,12.3413,57,43.3709,30,31.5315,47,67.1875,64,12.7298,333,28.4413,302,31.9578,104,54.6605,144,48.6061,57,0.0984,126,0.098,226,7.3
2015,"Kansas St.",46.843,211,33.4917,203,67.623,239,6.7334,302,49.4995,238,33.463,130,66.2632,38,11.6041,306,26.4281,326,31.8661,101,60.4348,30,55.5866,247,0.0963,145,0.118,342,6.8
2015,"Kennesaw St.",44.0777,314,31.5113,288,72.8195,54,8.9733,199,51.0785,289,33.3893,124,70.3349,238,10,207,37.6513,82,33.9601,162,46.7692,300,50.3161,96,0.0783,297,0.1023,266,2.7
2015,"Kent St.",46.7134,217,36.6469,74,65.8754,288,9.858,151,44.795,66,32.0896,64,69.9438,213,8.6766,97,37.135,95,29.7118,46,45.2564,326,47.5676,36,0.0796,286,0.088,114,11.1
2015,Kentucky,51.2117,53,34.8797,145,72.6405,59,18.1633,2,39.1156,2,27.0898,1,66.0209,28,5.9949,3,27.0698,325,30.5293,71,54.9702,136,40.1333,2,0.1008,107,0.0725,12,14.6
2015,"La Salle",46.129,242,32.1083,264,69.375,173,9.5541,170,45.0637,74,31.619,49,69.3312,173,9.1935,138,29.4252,286,29.4778,40,53.9295,153,55.6011,248,0.0979,133,0.1025,269,7.2
2015,Lafayette,52.815,28,40.8497,3,76.616,8,6.9468,288,51.458,299,38.0261,324,69.863,203,8.8472,105,35.3553,145,37.1429,267,58.5018,59,51.9722,151,0.0824,267,0.0921,162,-2.1
2015,Lamar,50.6565,66,31.8565,274,68.0412,226,11.0987,92,50.7848,278,37.577,310,68.6614,130,9.2998,151,34.1499,170,35.3154,208,50.6515,226,59.9057,322,0.0953,155,0.1151,333,2.2
2015,Lehigh,47.7639,164,34.8315,147,72.2615,74,9.1,188,44,44,33.9259,158,68.6424,128,7.2451,24,28.4709,301,40.2985,326,58.4906,60,61.8834,335,0.0807,279,0.1029,275,-6.8
2015,Liberty,45.7561,259,31.0345,305,71.1304,102,8,244,48,174,35.559,236,68.1115,102,8,50,28.3718,305,41.7098,338,47.563,292,51.8911,146,0.079,291,0.1217,345,0.4
2015,Lipscomb,47.5138,178,32.5581,244,70.4114,134,5.5006,331,51.8152,312,38.3013,328,66.1581,35,13.0387,336,43.189,19,40.7045,334,57.7982,73,58.169,302,0.0766,305,0.0925,168,1.3
2015,"LIU Brooklyn",42.8444,330,32.4459,249,68.8501,193,6.4157,310,49.7861,250,30.4274,19,69.92,210,11.6444,311,34.8204,159,33.3523,148,51.1078,216,51.5789,138,0.0816,273,0.0869,99,5.8
2015,"Long Beach St.",46.3392,237,33.2278,213,68.4211,211,6.7989,295,49.0085,216,32.967,97,70.88,262,11.0287,284,36.9375,100,37.559,281,48.169,274,54.7325,228,0.098,130,0.1004,255,0.3
2015,Longwood,44.8885,290,36.8946,67,71.7228,91,8.9826,197,50.5041,268,37.5,306,68.1586,105,11.0595,286,39.4826,53,37.2628,272,48.248,272,56.927,284,0.1113,42,0.1195,343,1.9
2015,"Louisiana Lafayette",49.2039,100,34.66,151,72.0472,81,9.5238,173,47.7679,164,32.2807,72,68.8112,139,9.4769,165,31.3736,246,29.7806,51,54.0793,151,43.7046,8,0.0878,217,0.0967,216,16.4
2015,"Louisiana Monroe",45.9641,251,29.9484,325,71.6567,93,10.6489,118,44.3428,52,30.1775,15,72.3519,318,8.5202,85,30.2762,273,35.9957,236,53.7389,154,51.289,125,0.0742,321,0.0862,94,2.6
2015,"Louisiana Tech",51.3636,49,32.9252,231,68.6869,200,14.2153,16,45.5313,87,33.6222,139,69.3291,172,8.9394,113,35.7664,133,28.8789,24,52.5,177,49.9405,84,0.12,18,0.0874,106,8.3
2015,Louisville,48.433,134,30.7453,308,66.7929,256,14.382,15,43.2959,29,30.3371,17,66.1043,32,7.0513,18,31.4453,245,31.8182,97,47.7221,285,55.2803,243,0.1178,22,0.0867,97,5.4
2015,"Loyola Chicago",50.6206,67,39.2727,18,68.9964,186,6.7204,304,50.0896,262,31.77,56,67.3507,71,10.3723,240,32.7771,218,37.1975,269,58.0686,67,53.9662,204,0.1036,87,0.1045,286,0.4
2015,"Loyola Marymount",43.8222,317,35.0917,130,70.9735,108,10.2642,139,50.5081,269,39.2283,346,70.5263,253,9.1556,132,27.9308,309,38.7298,310,56.3467,102,67.6113,350,0.0955,153,0.115,332,-10.5
2015,"Loyola MD",40.4405,347,32.4561,248,67.1119,247,8.8954,201,49.8534,252,32.9365,94,68.1752,106,13.9207,348,28.6612,300,33.0059,135,47.6112,287,52.9586,184,0.0867,232,0.0946,190,9.7
2015,LSU,50.0712,80,33.871,188,68.3891,215,14.0303,19,43.9477,42,30.8848,26,66.2252,36,8.6182,94,28.4404,303,29.1768,30,57.7354,74,46.966,29,0.1021,96,0.1123,325,8.9
2015,Maine,45.4545,273,32.562,243,72.6244,61,3.071,350,55.5662,350,37.4376,304,68.2724,112,10,207,37.931,79,36.5794,254,60.7419,26,56.4677,271,0.0893,204,0.1162,339,2.4
2015,Manhattan,48.8267,119,33.5938,199,69.1194,182,7.5041,264,47.9608,170,32.3851,75,69.7727,194,11.4621,302,36.6133,108,27.1539,10,60.8466,25,59.7826,319,0.1156,29,0.0994,244,11.9
2015,Marist,46.3816,235,31.5202,287,69.9515,150,7.799,253,49.5667,241,33.0592,103,69.8609,202,9.9781,204,44.0147,15,34.5062,182,51.772,204,57.0505,286,0.1049,77,0.1082,308,2.4
2015,Marquette,48.7694,122,34.3854,167,64.4737,323,9.7625,159,46.438,120,36,256,71.4022,287,11.3036,292,35.4326,143,36.3738,249,64.5553,6,62.7297,340,0.1156,28,0.096,205,-7.1
2015,Marshall,45.935,253,31.1111,304,64.5378,320,7.4742,266,49.1409,227,31.7152,54,63.5528,4,8.7398,99,42.2535,27,34.6801,189,54.4379,146,53.125,188,0.092,179,0.1085,311,4
2015,Maryland,47.9817,157,37.5546,49,75.5696,14,11.9273,66,44.0758,48,31.8421,57,65.9649,27,9.633,177,38.6607,63,37.5123,280,48.1434,275,48.125,48,0.0742,322,0.0878,110,2.7
2015,"Maryland Eastern Shore",48.8667,115,38.2406,32,65.557,299,4.5106,346,52.5912,324,32.4284,76,67.8571,95,9.5195,169,33.5542,190,38.8856,312,59.4415,44,52.6868,178,0.1149,34,0.1057,295,3.6
2015,Massachusetts,48.3821,138,29.5688,332,70.3704,136,10.2818,135,47.1439,142,34.9817,208,67.7863,91,10.7088,264,27.2829,319,29.3706,34,55.4404,124,56.2963,263,0.098,128,0.1053,293,5.2
2015,"McNeese St.",45.9032,256,31.6081,283,64.5291,322,10.4781,125,53.1027,333,33.1481,112,68.7382,135,9.5903,172,33.4985,194,35.4563,215,49.6988,249,59.0585,314,0.1052,75,0.0873,104,-2.9
2015,Memphis,48.1453,150,32.8063,235,66.609,263,17.2043,3,43.8379,39,30.3704,18,68.9808,154,8.5541,90,27.6957,315,30.8748,80,57.3566,79,54.1787,211,0.1058,72,0.1124,326,7.1
2015,Mercer,48.3146,142,34.2014,174,68.2471,221,7.5985,259,46.3415,115,35.2034,219,65.8451,24,10.2852,231,33.2372,203,40.0787,321,57.672,75,56.7785,278,0.1029,90,0.0884,118,-4.5
2015,"Miami FL",47.4494,183,35.7843,100,74.6228,21,9.0387,193,47.0588,138,32.357,73,65.7807,21,10.2024,222,39.7855,50,33.9649,163,55.5809,121,50.2252,93,0.0865,236,0.0795,40,4.9
2015,"Miami OH",48.2696,143,34.4045,165,70.9062,114,6.3874,312,53.7173,338,34.8694,204,69.3548,174,8.4699,82,32.5138,224,40.5355,330,51.264,212,52.7027,179,0.1142,36,0.0914,150,5.3
2015,Michigan,47.0172,203,35.3028,120,74.9436,18,4.9953,340,50.8011,279,33.9623,161,69.7039,188,9.1001,129,40.6363,39,35.4623,216,51.9886,196,53.1886,191,0.0849,251,0.073,14,2.1
2015,"Michigan St.",50.7757,63,38.5321,29,63.1653,338,12.6437,49,43.75,36,31.4607,45,72.1951,314,7.7574,37,34.984,153,33.8403,159,63.7081,7,49.0996,64,0.0803,282,0.0858,92,10
2015,"Middle Tennessee",44.1659,309,36.3359,80,70.7646,121,9.1543,186,48.0384,176,35.7401,245,68.3844,118,11.9274,320,36.1479,123,32.5691,127,50.6008,228,55.0067,236,0.0938,164,0.0942,185,10.7
2015,Milwaukee,48.5908,127,33.1597,218,73.535,41,6.9912,283,48.5841,203,38.5845,336,72.379,320,10.823,273,39.3712,54,27.9337,16,58.8424,54,47.2145,31,0.0818,271,0.1085,310,12.5
2015,Minnesota,50.1221,78,37.2392,59,67.541,243,9.7628,158,48.2664,189,36.8088,287,70.302,235,11.7982,316,33.6393,186,36.6108,256,57.9009,68,62.336,338,0.136,6,0.0931,172,-2.3
2015,Mississippi,46.7958,213,33.2326,212,77.3167,3,11.426,79,43.5784,32,35.7616,247,68.4685,125,9.0909,128,33.0339,212,40.0743,320,53.184,171,63.5171,341,0.0981,127,0.0728,13,-4.8
2015,"Mississippi St.",47.8704,160,31.1475,301,69.2857,176,8.2613,232,46.9741,137,33.2258,114,64.2504,6,10.5556,254,28.3344,306,37.3269,274,42,343,52.9496,183,0.0975,134,0.1075,301,2.5
2015,"Mississippi Valley St.",41.7385,339,30.2505,317,65.3968,302,2.9272,351,55.0633,348,35.5283,234,67.3295,69,9.6983,181,27.1586,322,34.0636,164,45.7995,320,51.8319,144,0.1048,78,0.1052,291,0.9
2015,Missouri,44.1534,310,32.5217,246,66.6667,261,8.1921,235,48.0226,175,34.3805,182,69.9164,209,10.0094,209,34.9757,154,35.0459,196,49.7724,246,52.1924,158,0.0855,247,0.0921,163,5.2
2015,"Missouri St.",44.5428,296,31.4465,289,73.9958,33,9.009,195,46.6466,128,36.9141,289,71.9424,311,8.3579,73,31.9277,235,33.8848,160,53.2338,169,55.5725,246,0.0793,290,0.0982,229,3.4
2015,Monmouth,46.7391,216,33.7945,191,72.1664,76,12.5494,50,44.2688,50,34.1823,172,68.6544,129,10.7023,263,29.7297,283,42.4346,341,50.9589,219,58.037,299,0.1079,59,0.0962,208,-4.6
2015,Montana,52.8689,26,36.5747,76,71.7117,92,7.4719,267,49.4371,234,36.1248,262,71.8208,307,9.2213,144,41.3814,36,38.3985,300,56.25,106,52.3471,163,0.0961,148,0.0882,116,7.3
2015,"Montana St.",42.4498,334,35.6164,107,72.1739,75,7.428,269,50.4178,266,39.3805,347,71.6788,301,13.3052,341,40.9601,38,29.5618,42,52.044,190,54.0915,208,0.0641,340,0.1053,292,11.9
2015,"Morehead St.",48.398,136,33.9967,182,72.0968,80,9.6099,167,48.3349,195,33.7302,149,70.0466,219,13.0691,337,33.706,184,32.4116,120,57.2529,82,55.7522,253,0.116,26,0.0855,89,13.6
2015,"Morgan St.",39.1404,349,28.3972,343,62.5402,342,7.9678,246,52.9096,328,36.1396,263,70.5628,254,9.2095,142,30.5807,264,30.3616,65,46.5082,306,49.9348,83,0.0856,246,0.0699,6,11.2
2015,"Mount St. Mary's",45.4927,270,32.9957,227,68.2,223,10.0629,143,48.5175,200,34.8387,202,67.5579,83,8.5954,93,42.0061,30,29.4677,39,51.6616,208,48.7179,58,0.1045,79,0.0983,231,11
2015,"Murray St.",52.6059,31,38.2716,31,69.4696,170,8.7347,211,44.898,69,33.694,146,71.6788,301,7.899,44,34.5416,165,34.562,185,56.7114,93,51.0417,116,0.1017,99,0.0819,55,4.7
2015,Navy,48.7626,123,33.1325,219,66.9405,253,11.0178,96,49.7377,248,39.1304,343,70.483,251,8.9826,116,31.3405,247,37.6309,282,58.8235,55,60.372,327,0.0934,168,0.096,206,-0.6
2015,Nebraska,48.042,154,28.4452,340,70.7483,123,8.9552,200,44.6766,63,33.4405,128,69.378,177,9.1691,133,35.0899,151,38.2299,296,47.5904,288,49.3151,68,0.0955,152,0.0905,141,7.2
2015,"Nebraska Omaha",49.1659,105,33.0784,222,69.6328,158,8.2474,234,51.7338,308,37.5899,311,72.5832,325,9.2186,143,31.4681,244,34.2575,173,45.2933,325,56.8988,283,0.1077,61,0.0864,95,5.4
2015,Nevada,41.449,341,25.8486,350,70.7668,119,11.4613,77,45.7498,96,34.0824,164,66.2519,37,10.8677,276,24.3949,346,33.7761,158,45.6853,324,56.1271,262,0.0844,254,0.0952,198,2.5
2015,"New Hampshire",45.9082,255,37.3942,53,66.9565,252,6.3158,313,45.6459,91,31.068,31,68.9759,152,6.986,16,37.0998,97,33.0128,137,49.7797,244,40.8163,4,0.0755,313,0.0852,87,20.5
2015,"New Mexico",48.556,129,30.8333,307,65.8456,290,14.791,11,46.4094,118,31.3901,40,70.3422,239,9.296,150,30.2267,275,41.7603,339,57.8717,69,59.7201,318,0.0906,190,0.0963,209,-3
2015,"New Mexico St.",49.3027,96,36.2319,83,70.6777,125,9.0838,191,46.437,119,30.7888,25,69.7417,193,5.7424,1,25.3521,341,23.5329,2,49.6671,250,50,86,0.1014,103,0.085,85,14.3
2015,"New Orleans",45.2142,282,33.945,186,70.1835,142,8.3507,226,53.8622,340,37.844,319,65.2529,14,11.1212,287,22.9635,349,31.2769,85,39.5387,349,50.6608,105,0.1006,108,0.109,313,10.8
2015,Niagara,42.2509,337,35.1145,129,69.4864,169,6.5714,307,52.0952,320,37.8521,320,70.5782,256,11.6236,309,32.5871,220,35.1051,199,52.648,175,58.1365,301,0.0869,231,0.0964,213,1.6
2015,"Nicholls St.",48.3871,137,31.1512,300,62.9174,340,11.0879,94,48.3264,194,35.7143,243,72.191,313,10.2336,226,33.0104,213,31.9088,102,56.5445,97,49.8392,79,0.0992,117,0.1248,346,11.7
2015,NJIT,49.7743,86,37.0943,61,68.8963,192,12.4393,53,44.6064,60,33.0935,108,74.2489,347,10.7223,265,42.2048,28,35.0789,198,60.2056,36,50.3888,99,0.098,131,0.1031,278,6.9
2015,"Norfolk St.",52.2109,34,34.5309,161,65.5028,300,15.0801,8,46.2771,110,33.9463,160,66.092,31,9.5238,170,29.8748,281,39.9887,319,53.6213,158,54.8564,230,0.0721,328,0.0871,101,0.3
2015,"North Carolina",50.9749,56,35.7977,99,70.2337,141,11.3556,81,45.5642,88,30.0487,14,70.1068,224,8.1894,63,22.2607,350,36.8445,261,60.2366,35,52.4184,166,0.0949,158,0.0964,212,3
2015,"North Carolina A&T",45.7404,260,28.4091,341,67.7876,236,11.2705,82,47.8484,168,36.4583,276,68.2965,115,7.6065,33,34.8745,157,37.1134,265,46.4226,307,57.3117,289,0.0787,293,0.1112,321,-0.9
2015,"North Carolina Central",53.0983,21,35.6215,105,68.4882,208,10.9969,98,41.3155,4,29.1016,4,67.9214,99,9.8291,196,36.5424,114,34.4781,181,55.4427,123,46.824,27,0.0946,159,0.0793,38,10.8
2015,"North Carolina St.",47.342,189,35.6495,103,68.6382,202,13.0589,39,43.648,33,32.9705,99,70.3652,241,10.1293,217,32.2298,231,31.3353,88,46.3687,310,51.5115,135,0.059,348,0.0817,53,6.1
2015,"North Dakota",47.8389,162,33.0709,224,68.0272,227,7.6568,256,51.1993,291,38.5621,335,72.546,324,9.8232,193,33.2896,200,29.7472,48,50.229,234,51.9126,147,0.0863,239,0.0973,220,13.3
2015,"North Dakota St.",45.5072,267,38.1786,35,69.338,174,10.4972,124,45.0276,72,36.2454,270,74.2972,348,7.4396,30,35.5542,139,33.1281,139,41.7997,344,50.731,109,0.0719,329,0.074,20,10.3
2015,"North Florida",51.142,54,38.0628,37,72.6483,58,9.368,178,48.2528,188,31.25,38,67.4566,78,8.5402,88,42.1264,29,27.5714,12,54.2821,149,46.6007,26,0.0877,218,0.0956,202,12.4
2015,"North Texas",47.7585,166,29.9363,326,63.36,335,9.7179,162,48.0669,178,34.1654,171,67.0492,58,9.2406,146,30.1151,277,40.1126,324,42.3831,341,51.6937,140,0.0997,113,0.1028,273,1.1
2015,Northeastern,52.9608,24,38.5932,28,72.549,65,9.2806,181,49.0647,222,34.4029,183,68.8525,144,9.8415,199,30.4928,266,28.7545,21,59.6659,41,49.9429,85,0.0816,274,0.1105,318,9.7
2015,"Northern Arizona",42.9387,329,34.7705,149,75.3567,15,11.1524,86,49.0706,223,31.7293,55,72.3735,319,9.4864,166,33.8991,176,33.0846,138,53.169,172,45.8094,17,0.0725,326,0.0819,58,12.6
2015,"Northern Colorado",51.4365,47,37.525,50,70.7581,122,5.7359,325,52.9221,329,40.177,350,70.4319,245,9.6386,178,31.7089,239,37.9449,292,45.7604,321,55.0279,237,0.0991,118,0.0684,4,0.4
2015,"Northern Illinois",47.2303,199,32.2368,255,67.4286,244,8.5645,219,52.4729,322,33.9117,157,69.8997,206,10.7872,270,30.7071,258,43.3356,347,45.0237,327,54.6154,226,0.1169,24,0.104,284,-0.4
2015,"Northern Iowa",53.3402,18,39.7833,10,73.2919,45,7.814,252,44,44,32.1157,66,71.1538,269,8.5303,86,39.9012,48,37.933,291,53.2216,170,48.3918,52,0.1015,101,0.0819,56,5.8
2015,"Northern Kentucky",51.8974,37,33.4471,205,66.5245,266,8.3246,228,49.2097,230,35.4962,231,72.8636,330,10.359,239,37.54,87,35.5737,218,47.5783,290,50.8423,113,0.0853,248,0.0837,73,8.2
2015,Northwestern,48.2592,145,35.9055,92,73.1656,46,11.2511,83,43.8344,38,37.6789,314,66.725,52,7.8337,38,38.0467,77,36.1494,240,63.2737,9,59.5304,316,0.0598,346,0.0847,83,-2.6
2015,"Northwestern St.",51.5957,45,36.8012,70,75.0804,16,9.9588,145,51.7695,311,40.146,349,69.3846,178,8.7766,101,36.3431,117,31.0834,82,52.2589,184,53.1213,187,0.0941,162,0.0768,26,2.4
2015,"Notre Dame",58.1649,1,38.9677,20,74.2063,29,9.0969,190,47.3962,155,32.5681,81,71.2946,277,7.2317,23,37.6031,83,31.4815,91,54.8571,140,50,86,0.104,82,0.0797,41,4
2015,Oakland,51.676,43,35.5126,112,68.5714,206,4.6272,344,52.7849,327,36.5231,277,71.3366,284,8.7523,100,38.5232,67,34.9498,192,58.9421,53,57.1598,287,0.0838,259,0.1125,327,0.4
2015,Ohio,48.9914,109,34.0125,180,73.4568,42,10.6897,110,46.8103,130,35.935,254,73.0298,334,7.877,40,37.9988,78,34.6479,188,46.63,304,45.9424,20,0.0761,309,0.0929,170,7.5
2015,"Ohio St.",53.6082,16,37.0487,63,67.9654,230,14.5902,12,45.2459,80,32.2057,67,70.4587,249,7.3638,26,31.9298,234,37.7233,286,55.3942,125,57.4684,293,0.1144,35,0.077,28,-2.8
2015,Oklahoma,48.1811,148,34.3023,170,74.1018,31,12.9176,40,42.242,12,31.6901,51,65.4701,19,9.7253,184,33.8084,179,34.5163,183,48.5876,266,49.3703,69,0.0997,112,0.0943,186,4.4
2015,"Oklahoma St.",49.1837,104,34.6154,152,73.0032,50,13.7112,27,44.1499,49,34.3629,180,68.6303,127,11.4286,300,38.9027,59,32.134,109,50.1433,235,52.4962,168,0.12,19,0.0936,180,9.5
2015,"Old Dominion",48.4219,135,32.5472,245,66.5541,265,11.1328,88,45.7031,93,31.1927,34,65.8394,23,7.3903,28,32.8682,215,38.975,315,56.4593,100,50.1488,91,0.1027,93,0.0767,25,8.3
2015,"Oral Roberts",45.6155,262,35.8382,97,72.332,72,9.918,148,48.7705,207,37.5479,309,71.3202,280,9.4435,161,30.4399,268,29.9656,54,46.2173,312,46.1441,22,0.078,298,0.087,100,12.7
2015,Oregon,50.7704,64,36.8571,69,76.7055,7,10.917,103,47.0888,139,33.2362,116,69.726,191,6.7498,9,33.9312,174,33.301,145,50.9474,220,47.6571,41,0.0825,266,0.0812,48,7.3
2015,"Oregon St.",46.0271,247,31.9502,273,69.8384,154,13.8695,25,44.4056,53,30.0169,13,74.028,345,9.3023,153,31.8362,237,40.8684,335,56.1208,110,60.8229,329,0.1232,15,0.1007,259,-0.8
2015,Pacific,44.2675,305,34.2007,175,64.837,312,7.1739,279,50.6522,275,36.0845,259,72.4638,321,12.3142,327,36.3514,116,36.1554,241,51.9135,202,59.7859,320,0.0656,336,0.081,45,-0.1
2015,Penn,47.6907,171,34.5982,155,67.6113,240,7.387,270,48.0706,179,37.6404,313,71.0297,266,12.0301,323,32.4873,225,37.0576,264,54.9249,138,58.2418,304,0.0861,241,0.1075,302,1.8
2015,"Penn St.",46.7875,214,33.4315,206,69.5122,168,11.0136,97,43.5754,31,32.5879,82,70,218,10.0494,211,35.869,128,33.3156,147,42.2642,342,52.5333,170,0.0908,188,0.0842,79,7.3
2015,Pepperdine,46.586,226,31.7673,278,74.199,30,8.7959,207,47.6516,160,27.3084,3,66.6667,47,8.9888,117,27.8678,310,30.2976,60,59.7651,39,54.3759,218,0.0956,151,0.1048,287,5.4
2015,Pittsburgh,48.5778,128,33.6188,198,68.4211,211,7.9796,245,48.9813,214,34.9237,206,71.2733,275,8.4581,80,25.9013,336,30.7873,78,67.7419,2,54.3421,216,0.0794,288,0.0775,32,5.9
2015,Portland,46.8883,209,37.7778,44,72.0065,83,11.8924,67,49.0451,220,34.1198,168,73.8134,344,8.1841,62,31.5236,242,32.3547,119,60.0796,38,49.5352,74,0.0858,242,0.0987,237,7.6
2015,"Portland St.",45.4805,271,37.2881,56,74.2504,26,10.2713,136,50.1938,264,38.4766,333,73.4021,341,8.373,76,30.9915,255,33.1606,140,51.9878,197,56.3636,265,0.0876,222,0.0826,64,1.3
2015,"Prairie View A&M",46.6617,221,33.0769,223,64.5329,321,8.5714,218,50.084,261,29.7665,6,66.6284,46,9.7923,192,27.8373,311,30.1643,56,42.8215,340,50.6008,104,0.1256,11,0.095,195,10.4
2015,Presbyterian,48.8084,120,31.6527,280,64.7436,316,8.465,223,50.5643,271,38.8807,341,68.3742,117,8.2936,68,25.3912,339,43.3866,348,45.76,322,60.1124,323,0.0771,302,0.1103,316,-11.2
2015,Princeton,52.9566,25,37.2828,57,70.9176,111,8.3095,230,47.1824,147,36.9369,291,71.2681,274,13.5348,347,45.4089,11,29.7787,50,57.277,80,47.4164,32,0.0851,249,0.0904,138,19
2015,Providence,48.9203,112,31.3187,294,70.7031,124,13.4783,33,47.1304,141,33.3333,121,68.9704,150,7.9672,47,28.9042,294,36.2528,244,57.2464,83,54.0789,207,0.1076,62,0.0867,98,5.3
2015,Purdue,50.8447,59,32.6633,238,68.3181,217,13.6364,30,42.2958,13,35.0877,211,69.3166,169,8.8496,106,32.4457,228,30.5139,70,61.0641,21,51.0013,115,0.0829,263,0.1057,296,9
2015,Quinnipiac,43.1034,328,30.7263,309,77.2939,4,13.9854,23,41.8755,6,35.0909,212,68.8442,142,7.837,39,29.6194,284,30.7778,76,58.1818,65,51.1955,121,0.0524,351,0.0969,218,8.4
2015,Radford,50.5093,69,32.5784,241,68.599,203,10.9135,104,47.7769,165,33.4,126,70.3175,237,9.4228,160,32.7626,219,28.7853,23,49.4885,253,45.5145,15,0.1029,89,0.1005,257,12.3
2015,"Rhode Island",50.0835,79,30.5195,313,65.6051,298,14.9291,9,45.0375,73,27.2517,2,66.4,43,10.9349,277,27.8313,312,26.5319,9,55.6005,120,48.7842,59,0.0958,150,0.101,260,18.9
2015,Rice,47.6255,174,37.274,58,74.5418,23,6.1657,316,49.0366,219,34.4828,187,65.798,22,13.4328,343,49.3819,2,32.2012,113,58.4814,61,58.0265,298,0.0942,161,0.1049,288,5
2015,Richmond,52.8484,27,33.9706,185,69,184,8.8055,206,46.2481,109,30.3142,16,71.521,293,9.0272,124,37.3421,90,29.2907,32,56.235,107,42.5781,5,0.1093,45,0.0736,19,15.7
2015,Rider,49.0344,107,33.389,208,60.3448,349,8.2543,233,46.5844,127,32.6748,89,73.6842,343,7.8925,43,33.4637,195,38.4346,302,51.0204,217,56.7989,280,0.1086,52,0.1003,252,2
2015,"Robert Morris",47.4157,185,37.4576,51,70.9064,113,8.1037,240,48.2982,190,34.0877,165,66.0274,29,9.0637,127,30.6494,260,36.4245,250,50.1171,236,62.2461,337,0.1275,9,0.0952,197,-4.2
2015,Rutgers,43.2848,322,29.5146,334,65.2632,304,10.6594,115,49.3225,233,33.6826,143,67.4296,76,8.4951,84,29.4118,287,37.6338,283,49.9272,238,56.4202,270,0.0857,244,0.0987,238,-1.8
2015,"Sacramento St.",50.8741,58,40.8421,4,73.913,34,6.9098,289,54.7025,347,34.8333,201,71.3208,281,9.8776,200,29.3391,288,36.5408,251,55.1546,129,59.0501,313,0.1086,53,0.0841,78,-2.3
2015,"Sacred Heart",50.263,74,32.0312,269,64.4478,324,8.869,202,47.681,162,34.6687,191,71.6323,298,8.3396,72,27.7808,313,34.558,184,53.0612,173,49.0752,63,0.0906,189,0.1084,309,4.7
2015,"Saint Joseph's",45.5022,268,29.8748,328,61.5,347,11.9469,65,46.2832,111,34.7902,199,66.7917,53,9.1703,134,32.8052,216,33.6075,153,57.2674,81,57.3407,290,0.1016,100,0.0947,192,1.4
2015,"Saint Louis",45.2404,278,32.0388,267,65.2516,305,6.7437,300,50.578,272,35.7143,243,67.6768,85,13.3464,342,33.5724,189,33.2905,144,59.5847,42,57.6056,294,0.081,277,0.1067,300,6.4
2015,"Saint Mary's",50.5859,68,37.0826,62,72.6103,62,6.2847,314,47.2274,150,33.0769,106,71.2406,273,8.8867,108,35.7188,137,32.4594,123,61.454,19,55.7833,254,0.0801,284,0.0959,204,6.1
2015,"Saint Peter's",44.6113,294,34.2806,172,66.0403,283,9.5825,168,44.3074,51,31.1667,32,72.9551,331,10.159,219,33.2153,205,36.2757,245,49.2837,257,51.9878,152,0.1006,109,0.0954,200,8.3
2015,"Sam Houston St.",47.296,191,32.0809,265,71.1757,101,11.1111,89,43.8507,40,32.244,70,64.3917,8,10.3245,238,40.4915,42,28.022,18,58.606,57,56.6917,277,0.0898,199,0.0907,143,12
2015,Samford,49.2021,101,33.9858,184,68.4867,209,8.3481,227,50.9769,284,38.8998,342,67.2507,67,11.6135,308,33.2544,201,31.1315,83,53.4853,162,58.4197,308,0.109,49,0.0975,223,5.8
2015,"San Diego",46.0271,247,34.4891,162,68.9769,187,10.3008,133,46.8551,131,33.7349,150,69.2913,168,10.4651,245,34.6835,161,27.4471,11,56.1747,109,52.1407,156,0.1008,106,0.0836,72,13.2
2015,"San Diego St.",45.9271,254,32.0423,266,63.0015,339,14.0294,20,42.3328,15,30.5556,22,69.6121,186,10.6284,261,30.587,263,31.9645,106,46.6408,303,45.8993,18,0.1079,58,0.0888,120,9.4
2015,"San Francisco",50.7313,65,33.737,193,63.2653,337,7.1028,281,46.9159,134,35.4839,230,69.8777,205,8.3181,70,34.5694,164,36.6864,258,56.8,91,53.1856,190,0.0879,216,0.0791,37,3.9
2015,"San Jose St.",38.7057,350,29.3839,335,66.1137,278,7.21,276,51.8286,313,38.8211,340,66.5595,45,10.3785,241,43.595,17,33.9545,161,52.2863,182,61.2809,331,0.076,311,0.1089,312,2.6
2015,"Santa Clara",45.9959,250,34.5576,158,74.2331,28,5.5444,329,49.1935,229,37.7432,315,70.3077,236,11.3963,297,38.0801,76,34.1301,166,52.5191,176,59.6774,317,0.091,186,0.0834,69,1.6
2015,"Savannah St.",46.202,240,25.1948,351,56.5049,351,6.9909,284,51.8744,315,37.0647,295,69.9001,207,14.0304,349,25.5984,338,28.9417,25,43.4853,336,52.6475,176,0.1324,8,0.1413,351,14.7
2015,Seattle,47.4525,182,37.766,45,66.3158,272,4.6397,343,45.1135,75,33.2842,119,72.6631,327,8.991,118,36.0383,124,40.13,325,63.2267,10,63.5432,342,0.0864,238,0.1206,344,-6.1
2015,"Seton Hall",45.9507,252,34.9754,136,65.6627,297,10.6633,114,49.0344,218,29.982,12,65.8647,25,10.2113,223,34.8997,156,31.865,100,52.2449,186,54.727,227,0.0897,201,0.1003,254,4.2
2015,Siena,46.6354,222,33.1878,217,70.9766,106,10.3835,129,49.8597,253,36.1511,264,74.8792,351,10.4069,242,26.3825,329,34.2154,171,54.9465,137,50.8174,112,0.1119,41,0.0961,207,7.8
2015,"SIU Edwardsville",45.2666,277,36.9427,65,66.7308,257,10.9833,100,46.8619,132,36.0934,260,69.3182,170,10.1197,216,33.8849,178,33.0063,136,50.678,225,58.7379,310,0.0893,203,0.0916,156,2.7
2015,SMU,51.3472,50,36.3171,82,70.1754,143,13.9853,24,42.9022,21,32.6658,86,68.1319,104,8.9299,111,23.1361,348,45.6571,351,63.0408,12,61.2855,332,0.1093,46,0.1026,270,-8.7
2015,"South Alabama",47.0109,204,32.8814,232,70.6629,126,8.6078,217,48.0539,177,34.2199,174,70.6337,257,9.058,125,34.8288,158,29.6842,45,46.0028,316,48.2635,49,0.0655,337,0.0948,193,7.4
2015,"South Carolina",45.2361,279,30.102,320,73.8532,36,11.866,69,43.1579,25,31.7114,53,71.9178,310,11.6738,313,33.5425,191,36.3193,247,59.0909,51,51.4062,130,0.0945,160,0.0902,136,7.5
2015,"South Carolina St.",41.0995,343,30.0527,323,60.1423,350,8.8208,205,51.532,302,33.3893,124,64.532,9,11.6056,307,33.1778,206,35.6246,221,50.3115,231,53.0504,186,0.0901,195,0.0911,149,3
2015,"South Dakota",44.2139,307,35.7664,101,72.9819,51,6.5336,309,51.0889,290,33.887,153,73.4323,342,8.7789,102,30.4275,269,35.3286,210,47.3333,294,52.5424,172,0.0834,261,0.0782,35,6.1
2015,"South Dakota St.",48.5507,130,38.1429,36,71.5659,97,9.617,166,44.9878,71,34.6903,194,66.1247,33,9.058,125,38.8027,61,31.529,94,49.4396,254,50,86,0.0789,292,0.0934,176,12.4
2015,"South Florida",47.7162,169,30.8756,306,61.6412,346,13.3758,34,45.4049,84,37.3913,301,68.118,103,10.1142,213,26.1446,331,34.3489,177,47.9833,277,56.0224,258,0.0882,210,0.1017,262,2.2
2015,"Southeast Missouri St.",48.0843,153,33.6538,196,66.3158,272,11.8908,68,46.1988,106,39.2116,345,68.7797,136,6.9923,17,33.2481,202,31.9629,105,49.7784,245,50.0754,89,0.1027,92,0.0877,109,9.9
2015,"Southeastern Louisiana",52.9778,23,31.1847,299,66.1232,277,9.5614,169,48.5965,205,35.7585,246,72.6073,326,10.8444,275,33.7846,180,36.1702,242,48.6452,265,52.2293,160,0.0865,237,0.0968,217,2.9
2015,Southern,44.8627,291,30.5804,312,63.8968,331,10.6454,119,43.6714,35,29.7794,7,66.6667,47,9.2549,148,26.0012,332,31.3184,87,44.0056,334,45.388,13,0.1021,97,0.0941,183,13
2015,"Southern Illinois",44.2637,306,33.2518,211,69.5518,166,7.076,282,48.179,185,38.1308,326,72.9951,333,8.6473,96,25.9353,334,35.762,227,40.8882,346,58.1709,303,0.1072,66,0.0965,214,6.3
2015,"Southern Miss",48.7805,121,32.7519,236,62.0614,345,6.6429,305,53.1435,334,36.0406,257,70.7424,259,11.3415,295,38.6228,64,41.2134,336,56.7663,92,58.2451,305,0.0951,157,0.1104,317,-5.7
2015,"Southern Utah",48.3667,139,39.6552,11,66.6667,261,9.8392,154,49.5743,242,37.2294,299,69.9219,211,8.5353,87,35.4861,140,30.4147,68,49.8498,241,50.2874,95,0.0705,331,0.095,196,15.8
2015,"St. Bonaventure",47.1311,202,31.4115,291,70.5972,127,13.5455,31,45.2727,81,36.2218,267,67.1353,62,9.1803,136,29.1933,290,34.4067,180,52.251,185,57.4257,292,0.1013,104,0.0905,140,2.9
2015,"St. Francis NY",47.5134,179,29.1401,337,67.803,234,12.6718,47,44.6565,61,36.6525,282,69.9721,215,7.9572,46,32.4548,227,26.4871,8,51.1194,215,47.6253,40,0.099,119,0.0964,211,17.3
2015,"St. Francis PA",50.3205,72,33.1288,220,67.2131,246,7.1429,280,50,258,32.358,74,71.3131,279,9.8291,196,41.0579,37,35.3191,209,51.9651,200,48.8889,60,0.1039,84,0.0918,159,6.3
2015,"St. John's",48.227,147,34.5324,160,68.9708,188,16.9269,4,44.9466,70,32.6379,85,64.8649,12,8.4318,79,30.4658,267,35.5403,217,48.3831,268,56.5274,272,0.1104,43,0.0762,24,-1.2
2015,Stanford,46.0362,246,37.7301,46,72.5768,64,7.354,271,44.7008,64,37.4242,303,68.2731,114,8.4145,77,31.1962,249,32.2423,116,47.9075,278,51.7878,142,0.0828,265,0.0714,11,8.5
2015,"Stephen F. Austin",55.4217,6,37.3397,54,73.3894,43,9.2643,182,48.3197,193,33.7237,148,69.7736,195,10.1946,220,36.6412,107,27.945,17,64.7413,5,47.929,44,0.1065,69,0.0856,90,20.4
2015,Stetson,48.3301,141,31.7739,276,65.7088,293,8.8264,204,49.0786,224,37.12,297,71.8391,308,9.2338,145,33.5075,192,37.7415,288,49.9237,239,52.5745,174,0.0629,343,0.0914,151,-1.9
2015,"Stony Brook",45.0525,286,32.1101,263,66.4474,268,11.6814,73,43.0088,22,34.3089,177,70.1068,224,8.021,54,29.0048,293,35.2436,204,49.0979,262,56.3845,266,0.0804,281,0.0999,249,3.9
2015,Syracuse,48.254,146,29.9807,324,65.9777,287,14.537,13,45.9259,101,31.4241,43,70.4062,243,8.0159,53,29.094,291,37.4276,276,61.599,18,65.9514,347,0.124,14,0.0949,194,-6.9
2015,TCU,47.4815,180,32.6797,237,61.4744,348,13.6434,28,42.1705,9,33.4928,133,67.0732,60,10.8148,271,25.3731,340,24.4731,3,54.9937,135,50.4386,100,0.0963,144,0.0879,111,16.4
2015,Temple,43.4277,320,30.4404,314,69.9346,151,12.035,62,43.2531,28,31.3901,40,65.4466,18,10.8206,272,35.9237,127,32.7941,130,54.8619,139,52.3039,161,0.105,76,0.0773,31,6.6
2015,Tennessee,47.4107,186,33.1058,221,69.147,181,12.3853,56,49.0826,225,37.0651,296,69.7151,189,9.1964,140,34.3494,167,43.1181,346,48.2759,271,66.419,348,0.1257,10,0.0844,81,-7.7
2015,"Tennessee Martin",49.953,82,39.3701,16,70.9738,107,5.2142,338,49.4413,235,35.355,225,70.4365,248,9.4073,159,37.3969,88,38.6286,308,49.8079,242,53.6364,199,0.0754,314,0.0916,155,0.8
2015,"Tennessee St.",39.9794,348,34.8485,146,62.069,344,11.1364,87,51.4773,300,32.6687,88,68.4292,123,10.483,248,32.1951,232,42.5587,342,48.3636,269,60.3604,326,0.0841,256,0.0986,235,-4.6
2015,"Tennessee Tech",49.0549,106,32.1792,260,68.2796,220,9.7713,157,51.9751,318,36.773,285,67.3981,75,6.9307,13,30.6492,261,35.6522,222,51.3514,210,51.8678,145,0.0857,243,0.1111,320,7.6
2015,Texas,48.2645,144,33.8118,189,72.3214,73,20.0454,1,37.6702,1,34.6939,195,66.3158,41,8.6777,98,34.1317,171,30.7853,77,55.2764,128,50.5698,103,0.0592,347,0.0989,240,7.8
2015,"Texas A&M",49.5625,93,35.0674,132,65.8284,291,9.7097,163,47.1471,143,30.9746,30,68.9168,146,11.1376,288,29.223,289,42.849,344,60.2484,34,60.1707,324,0.087,227,0.0954,199,-3.9
2015,"Texas A&M Corpus Chris",48.7319,124,33.5443,201,68.7811,197,7.6997,254,48.3157,192,32.2414,69,68.8086,138,7.6087,34,30.038,279,35.8246,228,46.6284,305,54.4267,221,0.104,83,0.0879,112,5.4
2015,"Texas Pan American",45.584,263,28.2443,347,67.5627,242,9.2555,183,50.1006,263,34.1328,170,72.2426,317,9.4967,167,27.1784,321,35.2865,206,59.5601,43,56.8082,281,0.0898,198,0.1093,315,-2.3
2015,"Texas Southern",50,81,32.23,256,66.0859,282,7.6653,255,48.4529,198,34.4029,183,65.3963,17,10.4265,244,31.1957,250,28.2905,19,45.8435,319,47.7324,42,0.0928,173,0.0989,239,8.9
2015,"Texas St.",42.8012,331,31.1404,302,69.5733,164,6.6161,306,48.59,204,30.5051,20,73.166,336,9.4025,158,30.8734,256,34.933,191,51.9862,199,51.2521,122,0.106,70,0.0983,230,7.3
2015,"Texas Tech",44.4751,299,32.2519,253,64.1509,328,12.7432,46,48.1518,184,33.9062,154,67.5283,79,11.326,293,32.5466,223,38.3693,298,54.6012,145,52.809,180,0.092,178,0.1152,335,1.6
2015,"The Citadel",46.8137,212,40.2198,7,76.6046,9,5.8127,324,56.5124,351,35.0674,210,72.1963,315,11.3971,299,35.7986,130,35.8425,229,59.292,48,46.5347,23,0.0708,330,0.112,323,1.5
2015,Toledo,51.227,52,36.5854,75,74.2404,27,9.0301,194,51.0033,286,31.7073,52,70.2838,234,8.3589,74,29.0147,292,38.1593,295,49.7103,247,50.4739,101,0.0761,310,0.1038,280,1.5
2015,Towson,44.4351,301,30.0995,321,66.3212,271,11.2465,84,45.7357,95,34.2007,173,70.4986,252,11.7155,315,25.1722,343,33.5202,151,40.3374,347,51.9345,148,0.056,350,0.0985,233,8
2015,Troy,48.0874,152,33.5206,202,66.1818,274,5.4639,333,51.2371,294,33.3333,121,70.7094,258,9.7268,186,36.853,103,37.2574,270,39.7415,348,52.5399,171,0.0986,121,0.093,171,-1.4
2015,Tulane,45.5331,266,31.9797,272,65.1943,306,5.3249,336,49.639,245,33.6957,147,66.0777,30,12.5841,330,36.2132,122,29.3367,33,49.6229,251,50.2128,92,0.094,163,0.0946,189,12
2015,Tulsa,46.4706,232,32.3268,252,64.7383,317,10.4167,127,42.7536,19,33.2849,120,65.704,20,9.7479,187,32.1164,233,38.3929,299,49.2517,258,52.6391,175,0.0898,197,0.0818,54,2.3
2015,UAB,46.5743,227,33.2203,215,73.7143,38,13.2213,36,47.4069,156,31.9249,62,68.3976,120,10.277,230,30.0714,278,31.8227,98,59.0419,52,49.238,66,0.097,141,0.0932,173,7
2015,"UC Davis",51.663,44,44.1176,1,74.055,32,5.1163,339,46.5116,122,34.6021,190,69.873,204,8.0931,58,39.0541,56,34.9667,193,53.6755,157,53.4286,194,0.0759,312,0.1078,304,1.3
2015,"UC Irvine",47.7759,163,38.1853,33,68.4411,210,11.7741,71,42.4025,16,33.5922,135,70.1278,226,7.5783,32,30.35,270,29.0632,27,56.0102,113,49.0085,61,0.087,229,0.0908,146,10.5
2015,"UC Riverside",45.0539,285,33.0404,225,67.9104,231,9.4836,175,44.6009,59,39.6896,348,71.7391,304,10.9696,280,35.7862,131,29.7493,49,56.4815,99,53.8226,200,0.1005,110,0.0973,222,11.2
2015,"UC Santa Barbara",46.5909,225,37.037,64,73.3577,44,10.2683,138,45.2359,78,35.3818,226,73.2198,338,5.8566,2,33.1385,209,33.1891,142,62.0458,16,56.5538,273,0.0779,299,0.0733,16,5
2015,UCF,47.6471,173,34.4704,163,64.4404,325,9.8119,155,50.2862,265,35.6473,239,61.5063,1,11.4706,303,35.3202,147,30.3531,64,52.0649,189,54.9068,233,0.0793,289,0.1029,276,-1.8
2015,UCLA,47.3543,188,36.7987,71,67.6,241,10.9968,99,45.4114,85,35.5696,237,69.5783,185,8.0375,56,28.8709,295,38.4615,303,53.5484,160,58.3626,306,0.0971,138,0.0934,177,-1.8
2015,"UMass Lowell",44.593,295,34.8993,144,65.7084,294,3.0999,349,54.0758,343,35.8047,250,68.93,148,11.1786,289,42.0014,31,38.8343,311,52,193,57.6981,296,0.1059,71,0.09,129,2.6
2015,UMBC,45.0617,284,32.6226,240,64.3785,326,8.6372,215,49.6161,244,36.121,261,69.8113,200,9.465,164,32.5468,222,35.0374,195,57.1912,85,56.6667,275,0.1015,102,0.1345,350,3.5
2015,UMKC,43.7321,318,33.3879,209,69.5652,165,9.6304,165,52.1401,321,33.6268,140,68.6614,130,11.9617,321,36.8961,102,35.589,219,51.7398,205,57.359,291,0.1136,37,0.0944,188,0.6
2015,"UNC Asheville",48.1707,149,35.2445,123,73.6559,39,11.9534,64,48.9796,213,33.945,159,68.3284,116,10.2642,228,37.603,84,34.6252,186,53.2943,167,56.0232,259,0.0999,111,0.1128,329,3.8
2015,"UNC Greensboro",47.615,175,36.1111,88,62.8731,341,10.1879,140,49.6538,247,35.159,217,71.634,299,8.0068,52,31.5053,243,35.8909,231,47.878,280,50.7846,111,0.0877,219,0.0902,135,9.5
2015,"UNC Wilmington",46.3341,238,34.0045,181,68.175,224,11.7949,70,46.9231,135,33.4646,131,68.4673,124,8.2389,65,25.2542,342,30.2741,59,44.7059,330,49.7914,78,0.1084,54,0.0901,133,13.2
2015,UNLV,48.0141,155,36.1426,87,66.4336,269,16.1043,6,42.0245,8,35.1399,215,66.4884,44,9.0026,119,35.2571,148,30.4904,69,55.2803,127,51.9359,149,0.0837,260,0.0785,36,5.1
2015,USC,45.8395,257,32.9457,229,63.434,334,10.6913,109,47.1865,148,32.9412,95,70.8333,260,8.841,104,27.7121,314,35.343,212,50.3177,230,53.021,185,0.0931,171,0.098,228,0.2
2015,"USC Upstate",49.2294,98,33.1973,216,66.0107,284,8.7488,209,46.5663,126,31.9088,61,66.9159,55,7.9782,48,39.9891,44,39.7734,317,55.7814,117,54.5202,224,0.1126,38,0.0805,43,-3.3
2015,"UT Arlington",50.8303,60,31.3099,295,67.7419,238,9.5285,172,47.8389,167,31.8444,58,71.7842,305,11.3469,296,36.6082,109,40.5374,331,50.6024,227,53.5311,197,0.0938,165,0.0957,203,0.7
2015,Utah,52.2876,32,40.1254,8,70.4852,132,13.64,29,41.3957,5,31.2261,36,68.2488,111,10.084,212,37.3318,91,29.2765,31,57.2304,84,43.2117,6,0.0929,172,0.0858,93,15.5
2015,"Utah St.",48.4504,133,39.4415,15,66.4884,267,12.3982,54,46.3348,114,29.9353,10,65.9363,26,7.438,29,37.1836,94,35.8677,230,61.7266,17,57.6758,295,0.0743,320,0.0963,210,-2.3
2015,"Utah Valley",44.3575,303,29.7913,330,70.2532,140,6.5401,308,49.0506,221,34.2799,176,71.4822,290,11.3966,298,37.0605,99,34.2124,170,62.8159,13,52.0505,154,0.0722,327,0.1092,314,6
2015,UTEP,50.7845,61,36.5613,77,66.0904,281,10.6742,112,45.1846,77,33.6177,138,66.2671,39,7.9273,45,29.47,285,31.9869,107,56.5,98,50.5263,102,0.0817,272,0.0942,184,7.7
2015,UTSA,47.2549,195,32.6568,239,68.997,185,6.8891,291,51.3455,297,36.7314,283,72.7669,329,14.4118,351,34.6991,160,39.9483,318,50.6829,224,54.2614,214,0.1037,86,0.0973,221,-2
2015,Valparaiso,47.9927,156,38.4342,30,68.3168,218,12.8055,43,42.3265,14,33.3882,123,70.0917,222,9.3978,157,33.8963,177,37.2777,273,51.6173,209,55.3459,245,0.0886,209,0.1033,279,2.5
2015,Vanderbilt,51.4679,46,39.5866,13,71.3306,98,14.0588,18,44.4797,55,33.9806,162,69.0402,157,9.2661,149,36.591,112,32.9249,133,64.8148,4,49.2208,65,0.0762,307,0.1005,258,5.7
2015,VCU,46.9261,207,34.3091,169,65.7465,292,12.4491,52,48.2506,187,34.488,188,69.2308,167,9.6498,179,39.9252,46,35.0766,197,50.8929,222,56.8127,282,0.1396,3,0.0857,91,4.7
2015,Vermont,51.7452,42,34.9398,140,69.5839,162,13.9883,22,42.2148,10,30.9381,28,71.2012,271,10.4712,247,30.292,272,29.436,37,55.5411,122,48.0363,45,0.0984,124,0.105,289,15.9
2015,Villanova,53.0099,22,38.9486,21,73.1288,47,10.961,101,45.3453,83,30.538,21,68.0067,100,8.6253,95,42.9231,22,32.1792,111,62.2271,15,53.9523,203,0.118,21,0.0832,68,4.9
2015,Virginia,49.7255,89,35.1967,125,72.6384,60,13.2776,35,40.1114,3,30.7568,24,64.6091,10,7.3725,27,27.4744,318,36.5724,252,53.4826,163,49.4382,71,0.0926,175,0.0852,86,6.9
2015,"Virginia Tech",47.695,170,38.9338,22,63.9785,329,8.6146,216,49.556,239,35.0975,213,66.9342,56,13.1206,338,35.4322,144,38.9371,313,50.8344,223,56.6667,275,0.0676,334,0.0812,47,-4.4
2015,VMI,46.7105,218,31.3846,292,69.0391,183,12.1705,60,53.876,341,34.1176,167,68.7328,134,13.4868,345,51.6693,1,24.7813,4,48.7705,264,46.5476,24,0.0997,114,0.1043,285,16.6
2015,Wagner,43.99,315,30.6422,310,70.0508,147,7.6065,258,51.7241,306,37.7432,315,69.375,176,11.6861,314,31.2679,248,34.2667,174,43.5159,335,56.392,267,0.0906,191,0.0996,248,9.1
2015,"Wake Forest",46.5272,229,33.5505,200,63.7816,332,10.3448,130,51.0513,287,33.7984,151,68.062,101,10.6276,260,33.9414,173,35.169,200,59.1864,50,52,153,0.0936,167,0.1171,340,6.6
2015,Washington,48.8889,114,33.391,207,68.2968,219,11.7371,72,46.0094,103,33.0224,100,69.2174,166,8.2051,64,33.0664,211,29.548,41,53.7255,156,47.8431,43,0.0738,324,0.0908,144,7.6
2015,"Washington St.",48.7109,125,34.1853,177,72.0177,82,7.8341,250,50.768,277,37.4088,302,69.2063,165,8.5635,91,36.5654,113,29.6216,43,60.969,23,48.037,46,0.0566,349,0.0881,115,10
2015,"Weber St.",44.9761,288,34.9206,142,74.5736,22,9.5027,174,49.6448,246,35.8796,253,71.2831,276,10.2871,232,40.4134,43,27.7279,14,55.0523,131,47.479,33,0.0771,301,0.0975,224,11.6
2015,"West Virginia",45.4545,273,31.6156,282,66.1645,275,8.7035,213,51.7679,310,36.4504,274,68.9922,156,10.2889,233,33.5985,188,32.2065,114,56.6514,95,53.2808,192,0.1552,1,0.0825,62,16.6
2015,"Western Carolina",47.2387,197,34.8066,148,69.5798,163,14.0107,21,48.5561,202,34.858,203,71.6889,303,9.6856,180,31.5698,241,40.4079,328,46.8456,298,54.963,235,0.1168,25,0.1139,330,3.1
2015,"Western Illinois",41.2088,342,35.1779,126,69.4639,171,6.079,319,49.4428,236,35.5042,232,70.3499,240,9.8901,202,35.7345,135,32.5359,125,54.2495,150,51.446,133,0.074,323,0.0893,125,10.5
2015,"Western Kentucky",47.2486,196,35.623,104,65.6923,295,8.7193,212,48.1381,183,33.0551,102,67.5302,80,9.7723,191,37.2619,93,35.2353,203,56.8655,89,51.0989,117,0.0761,308,0.0922,164,5.9
2015,"Western Michigan",49.8618,85,35.9272,91,70.9141,112,6.7383,301,51.0742,288,35.4286,228,71.6772,300,8.9401,114,35.7608,134,40.6032,333,51.3193,211,52.6589,177,0.0974,135,0.0894,126,1
2015,"Wichita St.",48.8925,113,35.3941,117,70.5185,131,11.1111,89,42.6357,17,35.3057,223,69.5082,182,9.516,168,34.6731,162,30.3957,66,55.0303,133,45.1039,11,0.1158,27,0.0655,2,16.3
2015,"William & Mary",54.8422,8,38.897,23,72.8546,53,11.5928,75,49.0104,217,35.2851,222,69.3578,175,7.7258,35,42.8483,23,37.9532,293,57.513,78,55.1402,242,0.0952,156,0.1027,272,1.1
2015,Winthrop,49.1935,103,35.4788,113,72.4786,67,11.0497,95,45.9484,102,32.6679,87,69.7933,198,10.4839,249,39.1037,55,33.6591,154,47.619,286,45.9499,21,0.0992,116,0.0875,107,9.8
2015,Wisconsin,54.7925,9,36.4557,79,76.3399,12,8.1725,238,44.6589,62,37.5465,308,71.0021,265,6.3396,6,37.3522,89,25.717,6,49.7041,248,39.9554,1,0.0727,325,0.0681,3,18.3
2015,Wofford,49.0248,108,36.7857,72,68.8189,195,7.2247,274,47.3128,153,30.888,27,70.4319,245,9.7518,189,33.1754,207,31.337,89,56.2582,105,43.472,7,0.1026,94,0.0826,63,16.1
2015,"Wright St.",48.9754,110,34.1418,178,68.6975,199,7.2206,275,50.4451,267,35.2577,221,73.3766,340,10.5533,253,35.4497,142,32.4198,121,57.1861,86,54.4787,222,0.0813,276,0.0893,123,9.4
2015,Wyoming,54.4359,10,32.5658,242,70.3583,137,8.7477,210,44.0147,46,34.9153,205,70.5752,255,8.5433,89,39.9737,45,35.2029,202,66.6187,3,48.3918,52,0.0909,187,0.0914,152,8.4
2015,Xavier,53.6803,14,35.0825,131,73.0323,49,8.2877,231,48.8663,210,34.5695,189,67.6991,86,9.8885,201,33.1511,208,37.119,266,62.3431,14,54.7404,229,0.0903,192,0.0992,241,3.1
2015,Yale,47.2617,194,36.5492,78,70.947,109,10.6805,111,48.1096,181,30.9524,29,67.118,61,9.8377,198,35.3443,146,32.2663,117,57.1644,87,50.2256,94,0.0902,194,0.0965,215,9.2
2015,"Youngstown St.",48.4574,132,35.5556,109,69.6095,161,5.2582,337,51.7371,309,37.9368,322,71.615,295,9.7096,182,32.8867,214,36.0744,238,55.9229,115,55.3273,244,0.0862,240,0.0918,160,0.2
