"Season","TeamName","Off_1","RankOff_1","Off_2","RankOff_2","Off_3","RankOff_3","Def_1","RankDef_1","Def_2","RankDef_2","Def_3","RankDef_3"
2019,"Abilene Christian",19.0677966101695,166,50.5649717514124,130,30.3672316384181,221,21.7746047934727,40,52.2182559918409,68,26.0071392146864,334
2019,"Air Force",15.7970320727621,308,51.8908568693155,96,32.3121110579225,171,15.3880663974877,328,45.3117990130103,307,39.300134589502,11
2019,"Akron",16.9891458235017,271,44.0773949976404,313,38.933459178858,27,18.1318681318681,204,51.4485514485514,92,30.4195804195804,226
2019,"Alabama",20.0980392156863,107,50,156,29.9019607843137,235,17.6736539251952,237,54.8294286888615,19,27.4969173859433,312
2019,"Alabama A&M",14.6542827657379,329,57.172342621259,8,28.1733746130031,268,18.7308533916849,166,50.4157549234136,132,30.8533916849015,209
2019,"Alabama St.",20.8092485549133,69,46.8733578560168,254,32.3173935890699,170,19.7838345864662,106,51.8796992481203,82,28.3364661654135,296
2019,"Albany",19.7006277160792,123,41.6224046354418,340,38.676967648479,32,15.9702878365831,310,50.0464252553389,150,33.983286908078,106
2019,"Alcorn St.",18.17065684469,212,51.4426028238183,109,30.3867403314917,220,19.4150277357539,125,53.3535047907211,37,27.231467473525,315
2019,"American",19.0189726978251,170,54.6043498380379,39,26.376677464137,314,20.4830917874396,80,57.487922705314,4,22.0289855072464,353
2019,"Appalachian St.",20.5173951828724,82,46.0303300624442,281,33.4522747546833,128,18.3595410114747,191,52.953676158096,51,28.6867828304292,289
2019,"Arizona",19.656236227413,126,49.2728074041428,174,31.0709563684443,198,18.9569160997732,153,52.0634920634921,72,28.9795918367347,283
2019,"Arizona St.",22.7445034116755,16,49.9620924943139,157,27.2934040940106,296,21.8925421010425,39,42.9831595829992,337,35.1242983159583,73
2019,"Arkansas",20.0859710824541,108,49.5506057053537,168,30.3634232121923,222,22.5386493083808,27,44.5077298616762,320,32.953620829943,137
2019,"Arkansas Pine Bluff",22.9249011857708,11,49.2094861660079,176,27.8656126482213,278,22.7231740306582,26,50.7664562669071,115,26.5103697024346,330
2019,"Arkansas St.",22.858451672011,13,47.4576271186441,231,29.6839212093449,242,23.9932174650276,8,47.1386180584994,262,28.8681644764731,285
2019,"Army",14.2857142857143,339,49.8851630684428,161,35.8291226458429,79,15.364238410596,330,50.5960264900662,123,34.0397350993377,105
2019,"Auburn",16.9182169182169,273,39.5928395928396,349,43.4889434889435,7,20.2898550724638,91,43.9613526570048,327,35.7487922705314,58
2019,"Austin Peay",18.8557614826753,178,51.651893634166,102,29.4923448831587,247,18.4357541899441,182,51.9123334765793,81,29.6519123334766,259
2019,"BYU",21.5670755836961,45,51.602690937871,105,26.8302334784329,305,20.4433497536946,83,48.0295566502463,234,31.5270935960591,187
2019,"Ball St.",20.295358649789,94,55.2742616033755,28,24.4303797468354,335,18.4782608695652,178,52.695652173913,58,28.8260869565217,286
2019,"Baylor",17.6085176085176,239,48.7305487305487,191,33.6609336609337,124,20.2432667245873,93,47.6976542137272,245,32.0590790616855,173
2019,"Belmont",15.3762662807525,317,48.9146164978292,183,35.7091172214182,83,16.3248221012976,300,53.1603181247384,44,30.514859773964,224
2019,"Bethune Cookman",18.9564384873145,172,54.1886069889899,50,26.8549545236955,304,20.8449396471681,67,51.9962859795729,76,27.1587743732591,318
2019,"Binghamton",13.5480572597137,348,48.2617586912065,209,38.1901840490798,37,13.9161462979483,349,49.4201605709188,184,36.6636931311329,41
2019,"Boise St.",17.6599474145486,234,50.1314636283961,148,32.2085889570552,174,19.4002726033621,126,48.1599273057701,229,32.4398000908678,161
2019,"Boston College",20.1275045537341,106,50.0910746812386,153,29.7814207650273,239,18.4397163120567,181,48.8475177304965,200,32.7127659574468,147
2019,"Boston University",13.7058053251855,346,58.9262330859886,2,27.3679615888258,295,17.8111587982833,229,50.9012875536481,108,31.2875536480687,194
2019,"Bowling Green",18.877755511022,176,50.1002004008016,151,31.0220440881764,204,17.6372015081693,239,45.915374947633,289,36.4474235441977,45
2019,"Bradley",20.1330376940133,105,48.3370288248337,206,31.529933481153,189,21.418949259093,52,46.519982038617,276,32.0610687022901,172
2019,"Brown",20.8492366412214,66,46.9465648854962,251,32.2041984732824,175,18.4184184184184,183,50.0500500500501,148,31.5315315315315,186
2019,"Bryant",21.0727969348659,59,45.8812260536398,285,33.0459770114943,137,19.1875540190147,142,48.1417458945549,231,32.6707000864304,148
2019,"Bucknell",19.2975532754538,147,43.8831886345698,318,36.8192580899763,61,18.7758478081059,165,52.6881720430108,59,28.5359801488834,293
2019,"Buffalo",17.3337856173677,251,48.168249660787,213,34.4979647218453,112,19.1983967935872,141,53.8677354709419,30,26.9338677354709,324
2019,"Butler",15.1642796967144,322,47.9359730412805,217,36.8997472620051,58,19.5121951219512,119,48.2670089858793,223,32.2207958921694,167
2019,"Cal Baptist",19.6826970748637,124,45.2156668319286,299,35.1016360932077,99,22.4266534062655,31,51.6161113873695,88,25.957235206365,335
2019,"Cal Poly",15,324,50.1123595505618,149,34.8876404494382,102,20.3784570596798,87,52.1106259097525,70,27.5109170305677,311
2019,"Cal St. Bakersfield",17.591674925669,242,54.9058473736373,36,27.5024777006938,291,27.1243398943831,1,41.7666826692271,347,31.1089774363898,199
2019,"Cal St. Fullerton",21.8189964157706,34,55.4659498207885,26,22.7150537634409,346,20.1651455888744,97,54.4111255975663,24,25.4237288135593,342
2019,"Cal St. Northridge",16.4356435643564,293,56.4752475247525,15,27.0891089108911,300,18.7904146063142,164,48.4594903004945,216,32.7500950931913,144
2019,"California",20.5563413484206,79,50.1650165016502,145,29.2786421499293,249,18.5588604943444,175,47.255969836615,261,34.1851696690406,99
2019,"Campbell",18.1900045024764,211,43.8541197658712,319,37.9558757316524,44,19.6087352138308,113,45.859872611465,291,34.5313921747043,85
2019,"Canisius",17.6888888888889,232,48.1777777777778,211,34.1333333333333,118,19.6548821548822,111,50.1683501683502,143,30.1767676767677,237
2019,"Central Arkansas",20.1972757162987,101,43.3067167684359,327,36.4960075152654,65,19.0455717970765,147,47.8073946689596,240,33.1470335339639,131
2019,"Central Connecticut",22.0804710500491,25,50.2453385672228,143,27.6741903827282,285,20.0444444444444,99,42.4888888888889,340,37.4666666666667,28
2019,"Central Michigan",20.7231726283048,72,46.9673405909798,250,32.3094867807154,172,16.3834951456311,296,57.5242718446602,3,26.0922330097087,332
2019,"Charleston",19.0194420963652,169,53.3389687235841,64,27.6415891800507,286,15.6648451730419,318,49.6357012750455,172,34.6994535519126,81
2019,"Charleston Southern",15.625,312,46.3068181818182,273,38.0681818181818,41,17.5840233804189,243,45.5918168533853,300,36.8241597661958,37
2019,"Charlotte",21.9031531531532,33,45.8333333333333,287,32.2635135135135,173,19.0763052208835,145,45.3815261044177,304,35.5421686746988,62
2019,"Chattanooga",13.7862137862138,345,46.6533466533467,260,39.5604395604396,18,17.5271739130435,247,52.445652173913,64,30.0271739130435,242
2019,"Chicago St.",20.4899777282851,83,57.1269487750557,9,22.3830734966592,349,16.9074580242093,271,46.7786021085513,269,36.3139398672394,48
2019,"Cincinnati",21.2749003984064,53,50.996015936255,122,27.7290836653386,283,17.228805834093,259,43.9380127620784,328,38.8331814038286,15
2019,"Clemson",19.4955109020949,134,52.6720820863617,76,27.8324070115434,279,18.721251149954,167,45.8141674333027,293,35.4645814167433,68
2019,"Cleveland St.",17.2851103804603,256,43.6824800375763,321,39.0324095819634,23,19.300518134715,134,50,154,30.699481865285,219
2019,"Coastal Carolina",22.4183583406884,21,45.5428067078552,293,32.0388349514563,178,22.9287953425884,20,43.3497536945813,333,33.7214509628303,117
2019,"Colgate",15.8860265417642,306,47.2287275565964,241,36.8852459016393,59,16.5271966527197,291,49.2050209205021,188,34.2677824267782,95
2019,"Colorado",21.414382201033,49,52.3639253079062,82,26.2216924910608,315,17.7748804867449,231,52.2381573229031,67,29.986962190352,244
2019,"Colorado St.",16.8338421282163,279,51.3737461840384,112,31.7924116877453,181,16.5811965811966,288,49.5726495726496,177,33.8461538461538,113
2019,"Columbia",13.0876068376068,352,54.0598290598291,53,32.8525641025641,141,20.7073295745771,72,45.9251665812404,287,33.3675038441825,124
2019,"Connecticut",17.8981937602627,215,51.0673234811166,119,31.0344827586207,203,22.4299065420561,30,51.0620220900595,102,26.5080713678845,331
2019,"Coppin St.",21.6241737488196,41,44.38149197356,307,33.9943342776204,119,18.9070602313522,154,45.5524531312325,301,35.5404866374152,64
2019,"Cornell",19.2249622546553,151,47.7101157523905,223,33.0649219929542,135,15.8594491927825,313,55.0807217473884,14,29.0598290598291,282
2019,"Creighton",15.0058616647128,323,45.0175849941383,301,39.9765533411489,17,15.2263374485597,332,51.6872427983539,86,33.0864197530864,132
2019,"Dartmouth",14.6454265159301,330,50.0513874614594,155,35.3031860226105,93,15.7686604053386,315,57.5383094414236,2,26.6930301532378,327
2019,"Davidson",16.7169323567428,283,44.377423524343,308,38.9056441189143,28,18.0229885057471,210,45.1494252873563,313,36.8275862068966,36
2019,"Dayton",16.5004156275977,290,57.9384871155445,6,25.5610972568579,323,14.8877691250573,336,50.4809894640403,129,34.6312414109024,83
2019,"DePaul",19.2019950124688,155,54.3640897755611,44,26.4339152119701,312,17.9991449337324,212,45.3185121846943,306,36.6823428815733,40
2019,"Delaware",17.5985334555454,240,46.3794683776352,271,36.0219981668194,72,16.5935030728709,287,48.6391571553995,209,34.7673397717296,77
2019,"Delaware St.",17.869222096956,220,46.4487034949267,267,35.6820744081173,84,21.2134632418069,57,47.8299379982285,238,30.9565987599646,206
2019,"Denver",16.6081284495735,287,50.5770195684897,129,32.8148519819368,144,15.5111111111111,324,43.8222222222222,329,40.6666666666667,6
2019,"Detroit",18.2974989030276,206,43.0013163668276,332,38.7011847301448,30,17.9788961038961,217,50,154,32.0211038961039,175
2019,"Drake",18.8424165610477,180,48.8381918039713,185,32.319391634981,169,17.4834437086093,248,54.8344370860927,18,27.682119205298,308
2019,"Drexel",18.3355006501951,204,52.7958387516255,72,28.8686605981795,257,15.6121610517666,319,54.5603944124897,22,29.8274445357436,253
2019,"Duke",17.8607130956348,221,55.6481172942353,24,26.49116961013,310,15.8932238193018,312,54.7843942505133,20,29.3223819301848,273
2019,"Duquesne",19.5661420672054,130,45.8528285835815,286,34.5810293492131,111,17.847882454624,225,53.2411408815903,42,28.9109766637857,284
2019,"East Carolina",20.8333333333333,68,56.8965517241379,11,22.2701149425287,350,22.2270552414093,36,49.8477598956068,165,27.9251848629839,303
2019,"East Tennessee St.",15.3753512645524,318,53.552790044159,60,31.0718586912886,197,16.8504631671813,274,45.4344949272166,303,37.7150419056021,24
2019,"Eastern Illinois",16.6138524219104,286,48.0760525124491,214,35.3100950656406,92,18.0578512396694,208,45.6198347107438,299,36.3223140495868,47
2019,"Eastern Kentucky",19.4805194805195,136,48.8311688311688,186,31.6883116883117,184,21.320831634733,53,52.7517325723604,56,25.9274357929066,337
2019,"Eastern Michigan",17.7753544165758,227,55.7251908396947,20,26.4994547437296,309,17.7195685670262,234,48.0739599383667,233,34.2064714946071,97
2019,"Eastern Washington",16.2584459459459,297,46.1148648648649,277,37.6266891891892,50,19.2746536267319,135,46.6177669111654,274,34.1075794621027,100
2019,"Elon",13.9210019267823,344,43.1599229287091,330,42.9190751445087,9,16.7602591792657,277,47.8617710583153,237,35.377969762419,71
2019,"Evansville",21.569571497352,44,42.7539720751083,333,35.6764564275397,85,20.3096539162113,89,53.7340619307832,32,25.9562841530055,336
2019,"FIU",19.9039720646006,114,50.1091226538629,150,29.9869052815364,233,19.0314358538658,148,52.6762956669499,60,28.2922684791844,297
2019,"Fairfield",14.0444015444015,340,48.4555984555985,204,37.5,51,21.1813567143516,58,49.4693124134749,182,29.3493308721735,272
2019,"Fairleigh Dickinson",19.4852941176471,135,49.0196078431373,179,31.4950980392157,191,16.5560165975104,289,50.7053941908714,117,32.7385892116183,145
2019,"Florida",17.827868852459,223,46.3934426229508,270,35.7786885245902,80,19.4844910441241,120,50.2402795980778,142,30.2752293577982,233
2019,"Florida A&M",16.0224089635854,302,56.5826330532213,14,27.3949579831933,294,22.7366255144033,25,50.4115226337449,133,26.8518518518519,326
2019,"Florida Atlantic",18.5542168674699,194,43.566265060241,324,37.8795180722892,47,18.4503631961259,180,49.0072639225182,196,32.5423728813559,157
2019,"Florida Gulf Coast",16.9981060606061,269,47.6325757575758,227,35.3693181818182,91,15.5785682125169,321,47.2760018009905,260,37.1454299864926,32
2019,"Florida St.",21.0836712126797,58,49.1706597862145,177,29.7456690011058,241,21.4256112722752,51,46.000828843763,285,32.5735598839619,156
2019,"Fordham",15.2847152847153,321,45.7542457542458,290,38.961038961039,26,20.5952952472396,77,50.0240038406145,152,29.3807009121459,270
2019,"Fresno St.",16.5888841747985,288,41.4085702163768,341,42.0025456088248,10,20.2953787517866,90,48.6898523106241,206,31.0147689375893,205
2019,"Furman",13.953488372093,343,46.6871434839842,258,39.3593681439228,20,14.7761194029851,340,52.8358208955224,54,32.3880597014925,162
2019,"Gardner Webb",20.04158004158,109,48.8981288981289,184,31.0602910602911,200,16.4891350660418,294,45.930975713677,286,37.5798892202812,25
2019,"George Mason",19.6197061365601,127,53.1547104580812,68,27.2255834053587,297,16.9506334643949,268,51.9877675840979,77,31.0615989515072,202
2019,"George Washington",19.5994277539342,129,52.3605150214592,83,28.0400572246066,273,16.2563667232598,303,48.7266553480475,205,35.0169779286927,75
2019,"Georgetown",21.6380952380952,40,47.6190476190476,229,30.7428571428571,211,17.8183229813665,228,48.2919254658385,222,33.889751552795,110
2019,"Georgia",22.5153913808267,19,49.7801231310466,162,27.7044854881267,284,17.7664974619289,233,52.0304568527919,74,30.2030456852792,235
2019,"Georgia Southern",18.4231697506034,201,58.6484312148029,4,22.9283990345937,344,17.7759056444819,230,50.8845829823083,109,31.3395113732098,193
2019,"Georgia St.",17.8557033454252,222,44.1757355904877,310,37.9685610640871,43,17.7126341866226,235,45.4995871180842,302,36.7877786952931,38
2019,"Georgia Tech",19.3687230989957,140,55.3802008608321,27,25.2510760401722,325,20.7981220657277,70,50.0469483568075,149,29.1549295774648,279
2019,"Gonzaga",18.5364281108962,197,55.0612508059317,34,26.4023210831721,313,16.9386854874283,269,53.0216144684605,49,30.0397000441112,240
2019,"Grambling St.",22.9332087809435,10,48.7622606258758,190,28.3045305931808,267,24.4310264746865,4,48.3975847654436,219,27.1713887598699,317
2019,"Grand Canyon",19.2697768762677,148,50.2231237322515,144,30.4259634888438,216,17.6059414591525,242,51.7256443861948,85,30.6684141546527,221
2019,"Green Bay",19.3051717331228,146,50.8487958941966,125,29.8460323726806,238,18.0814617434336,207,48.344118766654,221,33.5744194899125,120
2019,"Hampton",22.0448662640207,26,46.160483175151,276,31.7083692838654,182,20.3598069328653,88,47.1259324265028,263,32.5142606406319,158
2019,"Hartford",18.498322147651,198,42.1140939597315,338,39.3875838926174,19,17.1197960917587,263,50.6372132540357,121,32.2429906542056,166
2019,"Harvard",17.6305970149254,237,47.1082089552239,246,35.2611940298507,94,19.2125237191651,140,49.0512333965844,195,31.7362428842505,182
2019,"Hawaii",17.2063798936684,262,47.269212179797,239,35.5244079265346,88,17.982017982018,216,53.2467532467532,40,28.7712287712288,287
2019,"High Point",19.1787941787942,159,55.7172557172557,21,25.1039501039501,328,16.8367346938776,275,44.8979591836735,316,38.265306122449,17
2019,"Hofstra",21.3726884779516,50,46.9416785206259,252,31.6856330014225,185,14.4457783113245,344,53.3813525410164,36,32.1728691476591,168
2019,"Holy Cross",12.7707581227437,353,55.14440433213,30,32.0848375451264,177,15.418118466899,326,46.4285714285714,278,38.1533101045296,20
2019,"Houston",17.6255038475632,238,46.5371931110297,264,35.8373030414071,78,23.3606557377049,13,45.3551912568306,305,31.2841530054645,195
2019,"Houston Baptist",22.3024830699774,23,52.6410835214447,77,25.0564334085779,330,19.250645994832,137,52.1963824289406,69,28.5529715762274,292
2019,"Howard",20.2794242167655,95,52.1591871295512,88,27.5613886536833,288,20.6290849673203,75,47.3856209150327,251,31.9852941176471,178
2019,"IUPUI",19.7299651567944,120,52.1777003484321,86,28.0923344947735,271,18.3012259194396,195,47.8108581436077,239,33.8879159369527,111
2019,"Idaho",16.9102296450939,274,47.0772442588727,247,36.0125260960334,73,17.9824561403509,215,47.8070175438597,241,34.2105263157895,96
2019,"Idaho St.",16.8740666998507,276,46.0925833748133,279,37.033349925336,56,16.8970129291128,273,50.4681230494873,130,32.6348640213999,149
2019,"Illinois",17.3060884070058,254,50.2919099249374,139,32.4020016680567,162,22.9963753523963,17,51.1478050745066,99,25.8558195730971,338
2019,"Illinois Chicago",15.3084196307969,320,46.7357046375507,257,37.9558757316524,44,23.8031914893617,12,46.0106382978723,284,30.186170212766,236
2019,"Illinois St.",17.4012855831038,248,50.7805325987144,127,31.8181818181818,180,18.5612788632327,174,48.6678507992895,207,32.7708703374778,142
2019,"Incarnate Word",21.2705615428247,54,51.1627906976744,115,27.5666477595008,287,19.5224719101124,116,50.561797752809,127,29.9157303370787,250
2019,"Indiana",18.3531339614912,203,56.4522736583368,16,25.1945923801721,326,16.1668839634941,306,51.3689700130378,93,32.4641460234681,159
2019,"Indiana St.",21.2669683257919,55,53.9969834087481,54,24.73604826546,333,20.9971236816874,61,50.8149568552253,114,28.1879194630872,298
2019,"Iona",20.5766192733017,77,44.2338072669826,309,35.1895734597156,96,15.7097288676236,317,46.7304625199362,272,37.5598086124402,26
2019,"Iowa",22.8832116788321,12,45.9124087591241,283,31.2043795620438,194,16.1702127659574,305,51.2185686653772,97,32.6112185686654,151
2019,"Iowa St.",16.7161961367013,284,50.520059435364,132,32.7637444279346,145,14.8846960167715,337,50.398322851153,134,34.7169811320755,80
2019,"Jackson St.",19.7167755991285,122,56.7538126361656,12,23.5294117647059,341,23.8716148445336,10,46.0381143430291,283,30.0902708124373,239
2019,"Jacksonville",17.113783533765,265,57.3543015726179,7,25.531914893617,324,16.3139329805996,301,52.7336860670194,57,30.952380952381,207
2019,"Jacksonville St.",18.2318104906937,210,58.7986463620981,3,22.9695431472081,343,18.4149184149184,185,46.8997668997669,268,34.6853146853147,82
2019,"James Madison",19.3593314763231,142,48.4679665738162,203,32.1727019498607,176,18.891797556719,156,51.9197207678883,79,29.1884816753927,275
2019,"Kansas",17.8715596330275,219,53.5045871559633,61,28.6238532110092,260,16.6336633663366,286,46.6534653465347,273,36.7128712871287,39
2019,"Kansas St.",17.128801431127,264,50.5366726296959,131,32.3345259391771,164,17.679012345679,236,47.8024691358025,242,34.5185185185185,86
2019,"Kennesaw St.",20.3525641025641,90,58.974358974359,1,20.6730769230769,352,15.4772141014617,325,53.0524505588994,48,31.4703353396389,190
2019,"Kent St.",18.8793103448276,175,48.7931034482759,188,32.3275862068966,166,19,150,51.1304347826087,100,29.8695652173913,252
2019,"Kentucky",22.7833894500561,15,54.0965207631874,52,23.1200897867565,342,16.6445329791943,284,47.6316954404604,248,35.7237715803453,59
2019,"LIU Brooklyn",19.2137809187279,153,45.6713780918728,292,35.1148409893993,98,20.6545776205219,73,52.8084918177797,55,26.5369305616984,329
2019,"LSU",21.5843023255814,42,53.343023255814,63,25.0726744186047,329,19.047619047619,146,48.5068603712672,214,32.4455205811138,160
2019,"La Salle",18.8426590148254,179,43.9980870396939,316,37.1592539454806,55,22.3807400802497,32,51.8056174765938,84,25.8136424431565,339
2019,"Lafayette",14.80605487228,327,47.0198675496689,248,38.1740775780511,38,16.9063180827887,272,51.5904139433551,90,31.5032679738562,188
2019,"Lamar",22.8571428571429,14,51.1520737327189,116,25.9907834101382,317,19.690576652602,108,50.351617440225,136,29.957805907173,246
2019,"Lehigh",19.3626462283179,141,45.905607099637,284,34.7317466720452,106,18.1931205967675,201,46.7467882304186,271,35.0600911728139,74
2019,"Liberty",15.7407407407407,310,48.6531986531987,193,35.6060606060606,86,18.3702989392478,189,50.8196721311475,113,30.8100289296046,214
2019,"Lipscomb",20.1597565614302,103,48.0030429821225,216,31.8372004564473,179,18.4676705048716,179,50.8414526129318,111,30.6908768821966,220
2019,"Little Rock",20.393811533052,88,52.8832630098453,71,26.7229254571027,308,21.4995483288166,48,44.0831074977416,326,34.4173441734417,87
2019,"Long Beach St.",23.0046948356808,9,52.1553563807085,90,24.8399487836108,332,17.010101010101,266,53.8989898989899,29,29.0909090909091,280
2019,"Longwood",19.2326139088729,149,39.0407673860911,350,41.726618705036,11,20.4406938584154,84,39.0998593530239,352,40.365682137834,8
2019,"Louisiana",20.4260651629073,85,47.1177944862155,245,32.4561403508772,156,20.2405640812941,94,50.2695976773123,140,29.4898382413936,263
2019,"Louisiana Monroe",20.7993791230113,70,40.4346138921226,346,38.7660069848661,29,16.2293096487687,304,49.9798142914816,157,33.7908760597497,115
2019,"Louisiana Tech",19.2307692307692,150,48.3257918552036,207,32.4434389140271,157,17.3541963015647,253,50.0711237553343,145,32.574679943101,155
2019,"Louisville",21.0567823343849,62,44.1640378548896,311,34.7791798107256,105,19.2340791738382,139,49.9139414802065,160,30.8519793459553,210
2019,"Loyola Chicago",16.2337662337662,299,55.6586270871985,23,28.1076066790352,270,14.1654284299158,346,50.3219415552254,138,35.5126300148588,66
2019,"Loyola MD",18.7821612349914,184,54.2024013722127,48,27.0154373927959,303,18.2882519176423,196,50.9487283003633,107,30.7630197819943,217
2019,"Loyola Marymount",22.4987303199594,20,57.0848146267141,10,20.4164550533266,353,21.6936748562467,44,45.6874019864088,297,32.6189231573445,150
2019,"Maine",14.4444444444444,333,54.6031746031746,40,30.952380952381,208,19.9281867145422,101,39.6768402154399,351,40.394973070018,7
2019,"Manhattan",17.0212765957447,266,47.1358428805237,244,35.8428805237316,77,24.0676280457484,7,42.0686225758329,343,33.8637493784187,112
2019,"Marist",17.4017257909875,247,47.3633748801534,235,35.2348993288591,95,19.2361434559851,138,41.9189566837448,345,38.8448998602701,14
2019,"Marquette",19.9315329022442,113,43.6667934575884,322,36.4016736401674,68,20.8209902666102,68,49.5979686838764,176,29.5810410495133,261
2019,"Marshall",17.2844036697248,257,45.2844036697248,298,37.4311926605505,53,18.5171790235081,177,52.2965641952984,65,29.1862567811935,276
2019,"Maryland",19.1848497324002,158,50.3087690407575,137,30.5063812268423,214,17.3249551166966,255,48.7432675044883,204,33.9317773788151,108
2019,"Maryland Eastern Shore",18.2464454976303,208,53.3175355450237,65,28.436018957346,263,18.8791915480018,157,44.4648598989435,321,36.6559485530547,42
2019,"Massachusetts",17.2779496243924,258,48.7847989394609,189,33.9372514361467,121,22.8547153780799,22,49.6176720475786,173,27.5276125743415,309
2019,"McNeese St.",21.9058050383352,32,54.4359255202629,42,23.658269441402,340,16.6422645192777,285,48.8042947779405,201,34.5534407027818,84
2019,"Memphis",20.6800832755031,75,52.2553782095767,84,27.0645385149202,302,21.3059701492537,54,47.910447761194,235,30.7835820895522,216
2019,"Mercer",19.3375547978568,144,50.2679006332197,140,30.3945445689235,219,18.3654297792391,190,44.1521841240019,324,37.482386096759,27
2019,"Miami FL",18.2411841532434,209,46.756639094471,256,35.0021767522856,101,13.6703296703297,351,52.043956043956,73,34.2857142857143,94
2019,"Miami OH",20.2107279693487,100,43.2950191570881,328,36.4942528735632,66,18.7910028116214,163,48.1724461105904,227,33.0365510777882,135
2019,"Michigan",15.6064796523113,313,50.4938759383643,133,33.8996444093244,122,15.3699284009547,329,59.5704057279236,1,25.0596658711217,345
2019,"Michigan St.",19.2144373673036,152,49.6815286624204,164,31.104033970276,195,17.8830559112249,221,49.082373026035,193,33.0345710627401,136
2019,"Middle Tennessee",17.5051334702259,244,52.1560574948665,89,30.3388090349076,223,19.3652253909844,132,47.378104875805,252,33.2566697332107,126
2019,"Milwaukee",17.8727537639631,218,49.6357455075279,165,32.491500728509,154,19.768991559307,107,45.0466459351399,314,35.1843625055531,72
2019,"Minnesota",22.7290601651593,18,54.7384978372002,38,22.5324419976406,347,16.453162530024,295,54.3634907926341,25,29.1833466773419,277
2019,"Mississippi",18.5513078470825,196,48.6116700201207,197,32.8370221327968,143,18.8325521942906,162,50.3621644652748,135,30.8052833404346,215
2019,"Mississippi St.",17.6560121765601,235,49.0106544901065,180,33.3333333333333,130,18.5881370091896,172,49.7076023391813,170,31.7042606516291,185
2019,"Mississippi Valley St.",21.0633946830266,61,53.7832310838446,56,25.1533742331288,327,16.9950738916256,267,49.5073891625616,181,33.4975369458128,121
2019,"Missouri",17.2093023255814,261,45.953488372093,282,36.8372093023256,60,21.6328413284133,45,47.5092250922509,250,30.8579335793358,208
2019,"Missouri St.",19.8950381679389,115,50.4770992366412,134,29.6278625954198,244,18.9909566872918,151,47.3108043788672,255,33.698238933841,118
2019,"Monmouth",23.1846019247594,7,54.7681539807524,37,22.0472440944882,351,22.8112449799197,24,35.5020080321285,353,41.6867469879518,3
2019,"Montana",16.2809257781325,296,51.3966480446927,110,32.3224261771748,167,21.7467248908297,43,49.1703056768559,190,29.0829694323144,281
2019,"Montana St.",19.4708557255064,137,43.3236874741629,326,37.2054568003307,54,14.8550724637681,338,47.3429951690821,253,37.8019323671498,23
2019,"Morehead St.",19.8562443845463,116,47.7987421383648,221,32.3450134770889,163,16.6735794276234,282,51.5968477810037,89,31.7295727913729,183
2019,"Morgan St.",21.5392303848076,47,54.1729135432284,51,24.287856071964,338,20.1023731968357,98,49.6044671940437,174,30.2931596091205,232
2019,"Mount St. Mary's",19.328165374677,145,48.2687338501292,208,32.4031007751938,161,19.4228126431516,123,48.5570316078791,213,32.0201557489693,176
2019,"Murray St.",18.3193946634807,205,53.126244524094,69,28.5543608124253,262,17.4543752924661,249,55.0304164716893,15,27.5152082358446,310
2019,"NJIT",21.5543151567196,46,48.1751824817518,212,30.2705023615286,226,17.0250109697236,265,51.2505484861781,96,31.7244405440983,184
2019,"Navy",18.874332848132,177,50.8491023774867,124,30.2765647743814,225,17.4222222222222,251,48.1777777777778,226,34.4,89
2019,"Nebraska",18.9070602313522,174,50.0997207818109,152,30.9932189868369,205,18.0864456567352,206,52.4548887956358,63,29.458665547629,267
2019,"Nebraska Omaha",13.6681762041993,347,52.3672293124743,81,33.9645944833265,120,15.5258764607679,323,48.1636060100167,228,36.3105175292154,49
2019,"Nevada",21.226588321704,56,46.052148365773,280,32.721263312523,147,16.5198237885463,292,48.6343612334802,210,34.7577092511013,78
2019,"New Hampshire",13.2333767926988,350,40.4172099087353,347,46.3494132985658,1,20.48,82,49.6,175,29.92,249
2019,"New Mexico",21.7521367521368,36,42.4786324786325,335,35.7692307692308,81,19.817199833818,104,52.0149563772331,75,28.1678437889489,299
2019,"New Mexico St.",17.7595628415301,229,46.2919594067135,274,35.9484777517564,75,19.0985130111524,144,48.1412639405204,232,32.7602230483271,143
2019,"New Orleans",20.6947890818859,73,55.1861042183623,29,24.1191066997519,339,22.158273381295,37,52.0863309352518,71,25.7553956834532,340
2019,"Niagara",19.9741156169111,111,45.7290767903365,291,34.2968075927524,115,14.4736842105263,343,51.4802631578947,91,34.0460526315789,104
2019,"Nicholls St.",14.3974960876369,336,41.6275430359937,339,43.9749608763693,5,19.9121522693997,102,55.6368960468521,10,24.4509516837482,349
2019,"Norfolk St.",21.7466493731085,37,45.8279290964116,288,32.4254215304799,158,22.5153913808267,28,43.183817062445,336,34.3007915567282,93
2019,"North Alabama",19.0751445086705,165,47.8192327903311,220,33.1056227009984,133,20.6166589967786,76,49.9769903359411,158,29.4063506672803,269
2019,"North Carolina",17.4144233964772,246,52.1768029245597,87,30.4087736789631,218,16.7782591571485,276,46.1599054745963,281,36.9830641985033,33
2019,"North Carolina A&T",16.8704156479218,277,53.2029339853301,67,29.9266503667482,234,18.8398849472675,159,51.9654841802493,78,29.1946308724832,274
2019,"North Carolina Central",19.1923990498812,156,52.7315914489311,73,28.0760095011876,272,17.8807947019868,222,55.1561021759697,13,26.9631031220435,323
2019,"North Carolina St.",16.4933667981355,292,53.0656149157404,70,30.4410182861241,215,21.9886822958771,38,53.5165723524656,34,24.4947453516572,348
2019,"North Dakota",15.4475982532751,316,51.6375545851528,103,32.9148471615721,139,18.3434959349593,192,54.6747967479675,21,26.9817073170732,322
2019,"North Dakota St.",18.7736245275095,185,41.1591768164637,342,40.0671986560269,16,15.5419222903885,322,53.4151329243354,35,31.0429447852761,204
2019,"North Florida",14.3044619422572,338,47.7690288713911,222,37.9265091863517,46,18.212478920742,200,57.2512647554806,5,24.5362563237774,347
2019,"North Texas",15.8572844400396,307,49.0584737363726,178,35.0842418235877,100,21.2909942738157,55,48.4122852680895,217,30.2967204580947,231
2019,"Northeastern",18.5647425897036,191,43.0577223088924,331,38.3775351014041,36,16.3757273482959,297,54.4472152950956,23,29.1770573566085,278
2019,"Northern Arizona",19.1423519009726,162,46.5075154730327,265,34.3501326259947,114,15.9450457951707,311,48.2098251457119,225,35.8451290591174,55
2019,"Northern Colorado",18.6763372620127,187,44.8776065276519,303,36.4460562103354,67,16.5487977369165,290,55.4455445544554,11,28.005657708628,302
2019,"Northern Illinois",15.5982905982906,314,56.0683760683761,19,28.3333333333333,265,20.409943305713,85,41.7793283907545,346,37.8107283035325,22
2019,"Northern Iowa",17.3274596182085,252,44.640234948605,304,38.0323054331865,42,18.6079545454545,171,50.5681818181818,125,30.8238636363636,211
2019,"Northern Kentucky",17.5962293794187,241,48.7038491751767,192,33.6999214454046,123,20.5793341980112,78,49.2001729355815,189,30.2204928664073,234
2019,"Northwestern",19.2125237191651,154,47.6280834914611,228,33.1593927893738,132,20.6532180595581,74,55.4274735830932,12,23.9193083573487,351
2019,"Northwestern St.",20.4609331084879,84,52.7262507026419,74,26.8128161888702,306,19.8180947821924,103,47.2953566299665,257,32.8865485878411,139
2019,"Notre Dame",19.5057369814651,133,44.4836716681377,305,36.0105913503972,74,13.6203866432337,352,54.2179261862917,28,32.1616871704745,169
2019,"Oakland",19.6640721015977,125,43.5886931585416,323,36.7472347398607,62,16.1264181523501,307,53.2414910858995,41,30.6320907617504,222
2019,"Ohio",17.7178623013962,230,56.1386615310544,18,26.1434761675493,316,17.8715761113606,224,47.7772788504715,244,34.3511450381679,91
2019,"Ohio St.",19.7188921041753,121,47.5403059115337,230,32.740801984291,146,19.5858498705781,114,49.8705780845557,162,30.5435720448663,223
2019,"Oklahoma",17.7878662814693,225,54.2302930251754,46,27.9818406933553,275,14.0638481449525,347,48.6626402070751,208,37.2735116479724,30
2019,"Oklahoma St.",17.3553719008264,250,44.0771349862259,314,38.5674931129477,34,18.9685314685315,152,44.8426573426573,318,36.1888111888112,53
2019,"Old Dominion",16.8842471714534,275,48.651000870322,194,34.4647519582245,113,19.1549295774648,143,45.9154929577465,288,34.9295774647887,76
2019,"Oral Roberts",14.8635936030103,326,50.4233301975541,135,34.7130761994356,107,18.6462324393359,169,46.9987228607918,266,34.3550446998723,90
2019,"Oregon",16.9984686064319,268,50.1531393568147,146,32.8483920367534,142,20.7269580268282,71,45.7810471657291,295,33.4919948074427,122
2019,"Oregon St.",20.7472527472527,71,52.4835164835165,79,26.7692307692308,307,18.2448036951501,198,47.6674364896074,247,34.0877598152425,101
2019,"Pacific",24.0243284338571,3,47.8459199189052,219,28.1297516472377,269,21.5574548907882,46,44.2545109211776,323,34.1880341880342,98
2019,"Penn",14.6398503274088,331,47.8952291861553,218,37.4649204864359,52,15.1898734177215,334,56.7672833495618,7,28.0428432327166,301
2019,"Penn St.",19.066846119336,167,51.0542844324809,120,29.878869448183,237,19.672131147541,110,51.9125683060109,80,28.4153005464481,295
2019,"Pepperdine",20.631067961165,76,42.7184466019417,334,36.6504854368932,63,18.838814453918,160,50.345107592367,137,30.816077953715,213
2019,"Pittsburgh",23.5472679965308,5,47.1812662619254,242,29.2714657415438,250,19.8059108954565,105,45.7873842082047,294,34.4067048963388,88
2019,"Portland",21.4814814814815,48,45.5026455026455,294,33.015873015873,138,19.3808882907133,129,46.5679676985195,275,34.0511440107672,103
2019,"Portland St.",21.9569288389513,29,48.9700374531835,182,29.0730337078652,253,22.262118491921,35,50.5385996409336,128,27.1992818671454,316
2019,"Prairie View A&M",23.0557737627651,8,51.1390416339356,117,25.8051846032993,318,23.8114423851732,11,51.1684125705077,98,25.0201450443191,346
2019,"Presbyterian",17.7741540970241,228,40.5218100285365,345,41.7040358744395,12,18.0479596129575,209,47.6230542700883,249,34.3289861169541,92
2019,"Princeton",19.1309255079007,163,49.2099322799097,175,31.6591422121896,186,17.3014145810664,256,53.3188248095756,38,29.379760609358,271
2019,"Providence",21.9522240527183,30,50.2471169686985,141,27.8006589785832,281,19.3765796124684,130,49.5366470092671,179,31.0867733782645,200
2019,"Purdue",16.9373549883991,272,44.0835266821346,312,38.9791183294664,25,19.2701379617267,136,44.1477525589675,325,36.5821094793057,43
2019,"Purdue Fort Wayne",14.4226761150479,334,46.4360150062526,268,39.1413088786995,21,13.9874739039666,348,50.4384133611691,131,35.5741127348643,61
2019,"Quinnipiac",20.4010462074978,87,34.0889276373147,353,45.5100261551874,2,14.8115299334812,339,53.1263858093126,46,32.0620842572062,171
2019,"Radford",15.3668666359022,319,49.746192893401,163,34.8869404706968,103,17.8260869565217,226,44.9275362318841,315,37.2463768115942,31
2019,"Rhode Island",20.8896641953772,65,56.6070649803751,13,22.5032708242477,348,20.9915140687807,62,49.3970522554712,185,29.6114336757481,260
2019,"Rice",20.6880941602535,74,43.7301946582164,320,35.5817111815301,87,17.6194539249147,240,50,154,32.3805460750853,163
2019,"Richmond",15.7735522904062,309,51.685393258427,100,32.5410544511668,152,15.6022288898414,320,53.1504500642949,45,31.2473210458637,197
2019,"Rider",19.5296094078118,131,52.4989500209996,78,27.9714405711886,276,18.3883411915988,187,46.1208744106301,282,35.4907843977711,67
2019,"Robert Morris",18.649373881932,189,48.479427549195,202,32.871198568873,140,21.437908496732,50,48.6274509803922,211,29.9346405228758,248
2019,"Rutgers",17.6722090261283,233,55.1068883610451,32,27.2209026128266,298,17.9643527204503,218,48.4052532833021,218,33.6303939962477,119
2019,"SIU Edwardsville",20.3438395415473,91,52.1489971346705,92,27.5071633237822,290,19.5183776932826,118,50.6970849176172,118,29.7845373891001,255
2019,"SMU",16.2396873643074,298,49.5006513243595,169,34.259661311333,116,17.6078257003112,241,46.776345042241,270,35.6158292574478,60
2019,"Sacramento St.",19.5284469502819,132,56.1763198359815,17,24.2952332137365,337,20.976581963129,63,47.0353761833582,265,31.9880418535127,177
2019,"Sacred Heart",21.7675941080196,35,50.2454991816694,142,27.986906710311,274,18.0139515798112,211,48.7484612228149,203,33.2375871973738,128
2019,"Saint Joseph's",19.8453608247423,117,44.0721649484536,315,36.0824742268041,70,16.0200250312891,308,45.3066332916145,308,38.6733416770964,16
2019,"Saint Louis",20.1750729470613,102,54.1892455189662,49,25.6356815339725,322,20.5050065302569,79,49.4558119286025,183,30.0391815411406,241
2019,"Saint Mary's",16.7275680064961,282,52.4563540397889,80,30.816077953715,210,17.9862700228833,214,56.4759725400458,8,25.5377574370709,341
2019,"Saint Peter's",20.5765407554672,78,51.9880715705765,95,27.4353876739563,293,21.7668488160291,41,42.4408014571949,341,35.792349726776,57
2019,"Sam Houston St.",16.0415725259828,301,45.4586534116584,295,38.4997740623588,35,23.0661040787623,15,46.9760900140647,267,29.957805907173,246
2019,"Samford",18.5538339292809,195,51.8871672626142,97,29.5589988081049,246,16.6666666666667,283,44.4444444444444,322,38.8888888888889,13
2019,"San Diego",18.7900641025641,183,48.6378205128205,195,32.5721153846154,151,21.4700996677741,49,53.2392026578073,43,25.2906976744186,343
2019,"San Diego St.",20.2309666381523,99,48.0752780153978,215,31.69375534645,183,19.3763919821826,131,45.8797327394209,290,34.7438752783964,79
2019,"San Francisco",15.9471365638767,304,51.5418502202643,107,32.511013215859,153,18.4171958964338,184,54.9096238397655,17,26.6731802638007,328
2019,"San Jose St.",19.7644649257552,118,49.3599590373784,173,30.8755760368664,209,13.5255889520715,353,45.1665312753859,311,41.3078797725426,4
2019,"Santa Clara",18.9375307427447,173,46.827348745696,255,34.2351205115593,117,20.2077431539188,96,52.8800755429651,53,26.9121813031161,325
2019,"Savannah St.",14.90022172949,325,40.2660753880266,348,44.8337028824834,3,18.1608310888803,203,48.4801846864179,215,33.3589842247018,125
2019,"Seattle",19.9729486023445,112,50.1352569882777,147,29.8917944093778,236,22.9477611940299,19,49.3470149253731,187,27.705223880597,307
2019,"Seton Hall",19.6172248803828,128,51.6746411483254,101,28.7081339712919,259,19.6889070814572,109,47.0732705689726,264,33.1559557920589,130
2019,"Siena",14.0309713749413,341,45.4246832473017,297,40.5443453777569,13,15.1515151515152,335,53.7190082644628,33,31.129476584022,198
2019,"South Alabama",18.4601924759405,200,46.8941382327209,253,34.6456692913386,109,19.3851409052092,128,50.1280956447481,144,30.4867634500427,225
2019,"South Carolina",20.1345291479821,104,48.5201793721973,200,31.3452914798206,193,22.9515418502203,18,45.1982378854626,310,31.8502202643172,180
2019,"South Carolina St.",23.8290131878126,4,51.7507958162801,99,24.4201909959072,336,20.0161746866154,100,48.9284270117266,198,31.0553983016579,203
2019,"South Dakota",20.8482370975984,67,46.4997445068983,266,32.6520183955033,148,20.3849950641658,86,49.8519249753208,164,29.7630799605133,256
2019,"South Dakota St.",17.3880873103959,249,46.5408805031447,263,36.0710321864595,71,13.8865368331922,350,43.4377646062659,332,42.6756985605419,1
2019,"South Florida",25.3153545019574,1,46.1070030448021,278,28.5776424532405,261,23.9280774550484,9,47.3029045643154,256,28.7690179806362,288
2019,"Southeast Missouri St.",16.7482859941234,281,47.4045053868756,234,35.847208619001,76,18.6357556843513,170,49.9331252786447,159,31.431119037004,191
2019,"Southeastern Louisiana",21.0679611650485,60,46.6019417475728,262,32.3300970873786,165,22.3333333333333,33,50.6666666666667,120,27,321
2019,"Southern",19.1213180229655,164,55.117324013979,31,25.7613579630554,319,24.1394335511983,6,48.80174291939,202,27.0588235294118,320
2019,"Southern Illinois",17.18322698268,263,53.6918869644485,58,29.1248860528715,251,15.2985074626866,331,49.160447761194,192,35.5410447761194,63
2019,"Southern Miss",13.0928853754941,351,51.4822134387352,108,35.4249011857708,90,16.7100468505986,279,42.0614263404477,344,41.2285268089537,5
2019,"Southern Utah",21.084864391951,57,47.419072615923,233,31.496062992126,190,21.2747994934572,56,45.6732798649219,298,33.0519206416209,133
2019,"St. Bonaventure",17.7777777777778,226,54.4888888888889,41,27.7333333333333,282,17.995337995338,213,45.7808857808858,296,36.2237762237762,52
2019,"St. Francis NY",16.7985109353188,280,48.5807352256864,199,34.6207538389949,110,23.0594643667726,16,53.109396277803,47,23.8311393554244,352
2019,"St. Francis PA",20.3206239168111,92,48.6135181975737,196,31.0658578856153,199,17.3785594639866,252,51.3400335008375,94,31.2814070351759,196
2019,"St. John's",17.0034311856653,267,49.9428135722455,159,33.0537552420892,136,21.7545239968529,42,44.846577498033,317,33.3988985051141,123
2019,"Stanford",19.1574279379157,160,53.3037694013304,66,27.5388026607539,289,18.9043556353839,155,57.1171980242479,6,23.9784463403682,350
2019,"Stephen F. Austin",20.4035874439462,86,50.6726457399103,128,28.9237668161435,256,19.4154488517745,124,42.3799582463466,342,38.2045929018789,19
2019,"Stetson",15.6902699949058,311,54.2027508914926,47,30.1069791136016,228,17.5369886858137,246,48.3899042645779,220,34.0731070496084,102
2019,"Stony Brook",20.9528010586678,63,49.4044993383326,172,29.6426996029996,243,20.9685002350729,64,46.4503996238834,277,32.5811001410437,153
2019,"Syracuse",20.253164556962,98,45.0632911392405,300,34.6835443037975,108,20.4808548530721,81,40.2493321460374,350,39.2698130008905,12
2019,"TCU",17.2466539196941,260,51.7782026768642,98,30.9751434034417,207,17.1684296175753,261,55.0040683482506,16,27.8275020341741,305
2019,"Temple",19.1480730223124,161,50.7910750507099,126,30.0608519269777,230,18.5326547921968,176,51.0602205258694,103,30.4071246819338,227
2019,"Tennessee",18.7040280210158,186,55.5516637478109,25,25.7443082311734,320,19.3032786885246,133,45.1639344262295,312,35.5327868852459,65
2019,"Tennessee Martin",16.5044042651831,289,51.0894761242466,118,32.4061196105702,160,14.176245210728,345,49.5530012771392,178,36.2707535121328,51
2019,"Tennessee St.",20.5361659079413,81,47.1421345472939,243,32.3216995447648,168,26.4227642276423,2,46.3414634146341,279,27.2357723577236,314
2019,"Tennessee Tech",19.7458973001588,119,50.0794070937004,154,30.1746956061408,227,18.8789237668161,158,51.6591928251121,87,29.4618834080717,266
2019,"Texas",17.306897976043,253,45.7662123089632,289,36.9268897149938,57,17.0955080680331,264,50.0654164849542,146,32.8390754470126,141
2019,"Texas A&M",19.3963604083444,139,53.4398579671549,62,27.1637816245007,299,15.8032215933827,314,47.8885502829778,236,36.3082281236395,50
2019,"Texas A&M Corpus Chris",17.9329608938547,214,53.7430167597765,57,28.3240223463687,266,24.2311770943796,5,42.8419936373277,338,32.9268292682927,138
2019,"Texas Southern",21.7440974866717,38,51.1805026656512,114,27.0753998476771,301,17.5425038639876,245,52.5502318392581,61,29.9072642967542,251
2019,"Texas St.",19.0035273368607,171,50.9700176366843,123,30.026455026455,231,22.8921337729628,21,47.2915685350918,259,29.8162976919454,254
2019,"Texas Tech",18.5616713539574,192,52.1494576134994,91,29.2888710325432,248,22.8131212723658,23,44.831013916501,319,32.3558648111332,164
2019,"The Citadel",15.4600653900047,315,40.8220457730033,344,43.7178888369921,6,16.723259762309,278,43.2937181663837,334,39.9830220713073,9
2019,"Toledo",15.9146841673503,305,45.4470877768663,296,38.6382280557834,33,16.287534121929,302,54.2311191992721,27,29.4813466787989,264
2019,"Towson",16.9956668271546,270,58.1608088589311,5,24.8435243139143,331,19.0305206463196,149,42.7289048473968,339,38.2405745062837,18
2019,"Troy",18.3867735470942,202,48.997995991984,181,32.6152304609218,150,17.9055633473586,220,48.153342683497,230,33.9410939691445,107
2019,"Tulane",19.3563880883766,143,49.9519692603266,158,30.6916426512968,212,17.5613816063254,244,50.6034124011652,122,31.8352059925094,181
2019,"Tulsa",22.7351916376307,17,48.2578397212544,210,29.006968641115,254,17.8775869660942,223,45.2664024658741,309,36.8560105680317,35
2019,"UAB",17.5150992234685,243,55.0474547023296,35,27.4374460742019,292,18.8386524822695,161,43.7943262411348,330,37.3670212765957,29
2019,"UC Davis",17.6943699731903,231,51.260053619303,113,31.0455764075067,201,19.5207189216176,117,50.8237643534698,112,29.6555167249126,258
2019,"UC Irvine",16.499227202473,291,55.1004636785162,33,28.4003091190108,264,21,60,48.6086956521739,212,30.3913043478261,228
2019,"UC Riverside",13.2734003172924,349,47.6996298254892,224,39.0269698572184,24,17.3320807891029,254,52.5129168623767,62,30.1550023485204,238
2019,"UC Santa Barbara",21.9693450998607,28,51.5559684161635,106,26.4746864839758,311,18.3783783783784,188,53.7592137592138,31,27.8624078624079,304
2019,"UCF",21.7190775681342,39,49.4758909853249,170,28.8050314465409,258,17.2462406015038,258,49.906015037594,161,32.8477443609023,140
2019,"UCLA",18.8372093023256,181,51.3953488372093,111,29.7674418604651,240,16.361511492014,299,47.2925594078691,258,36.3459291001169,46
2019,"UMBC",18.2763744427935,207,48.4398216939079,205,33.2838038632987,131,18.5735512630015,173,41.6047548291233,348,39.8216939078752,10
2019,"UMKC",18.4854186265287,199,46.6603951081844,259,34.8541862652869,104,19.4480946123522,122,50.9855453350854,105,29.5663600525624,262
2019,"UMass Lowell",18.5562444641275,193,51.0186005314438,121,30.4251550044287,217,18.2767624020888,197,54.3080939947781,26,27.4151436031332,313
2019,"UNC Asheville",17.6434299814929,236,46.6378778531771,261,35.71869216533,82,17.914691943128,219,46.2559241706161,280,35.8293838862559,56
2019,"UNC Greensboro",17.2482157018239,259,52.1808088818398,85,30.5709754163362,213,18.232044198895,199,49.6387590310242,171,32.1291967700807,170
2019,"UNC Wilmington",19.1923397169026,157,49.6253122398002,166,31.0990840965862,196,17.2958397534669,257,45.8397534668721,292,36.864406779661,34
2019,"UNLV",19.4639718804921,138,47.4516695957821,232,33.0843585237258,134,17.6628010704728,238,52.8991971454059,52,29.4380017841213,268
2019,"USC",14.4162033359809,335,52.1048451151708,94,33.4789515488483,127,17.2199170124481,260,50.0414937759336,151,32.7385892116183,145
2019,"USC Upstate",15.9769512833944,303,46.3069669984285,272,37.7160817181771,49,20.9062359802602,66,50.9645580978017,106,28.1292059219381,300
2019,"UT Arlington",21.285323609845,51,47.6754785779398,225,31.0391978122151,202,21.5467143495753,47,50.6928922664283,119,27.7603933839964,306
2019,"UT Rio Grande Valley",24.5680573114201,2,52.6759376316898,75,22.75600505689,345,23.1189575451871,14,49.7688104245481,167,27.1122320302648,319
2019,"UTEP",20.2583675866119,97,47.3282442748092,236,32.413388138579,159,18.0947312400213,205,48.8557743480575,199,33.0494944119212,134
2019,"UTSA",16.3380281690141,295,47.3239436619718,237,36.3380281690141,69,20.217803030303,95,48.9583333333333,197,30.8238636363636,211
2019,"Utah",18.5659411011524,190,43.2778489116517,329,38.1562099871959,39,18.3037646040675,194,51.3197749891822,95,30.3764604067503,229
2019,"Utah St.",20.3072311727239,93,49.6065942300487,167,30.0112401648558,232,20.8115183246073,69,43.1937172774869,335,35.9947643979058,54
2019,"Utah Valley",21.2835093419984,52,47.2786352558895,238,31.4378554021121,192,17.8226514486392,227,51.0974539069359,101,31.0798946444249,201
2019,"VCU",20.0085324232082,110,49.9146757679181,160,30.0767918088737,229,22.5048923679061,29,52.2504892367906,66,25.2446183953033,344
2019,"VMI",17.4299065420561,245,42.3364485981308,336,40.2336448598131,15,16.9186759297098,270,49.8569677155701,163,33.2243563547201,129
2019,"Valparaiso",18.6713638651233,188,55.6618017111223,22,25.6668344237544,321,18.3406113537118,193,52.9839883551674,50,28.6754002911208,290
2019,"Vanderbilt",21.9266055045872,31,46.4220183486239,269,31.651376146789,187,19.3952483801296,127,50.280777537797,139,30.3239740820734,230
2019,"Vermont",20.3688181056161,89,46.1860854987427,275,33.4450963956412,129,17.1538092956397,262,49.0656444657403,194,33.78054623862,116
2019,"Villanova",19.0655614167295,168,37.9804069329314,352,42.9540316503391,8,16.3711340206186,298,49.7319587628866,168,33.8969072164948,109
2019,"Virginia",16.3584052609947,294,48.4997944923962,201,35.1418002466091,97,16.69341894061,280,50.7223113964687,116,32.5842696629214,152
2019,"Virginia Tech",17.8728508596561,217,43.9824070371851,317,38.1447421031587,40,16.4997615641392,293,41.0109680495947,349,42.4892703862661,2
2019,"Wagner",22.2596964586847,24,41.1467116357504,343,36.5935919055649,64,24.5204769310524,3,43.4421980300674,331,32.0373250388802,174
2019,"Wake Forest",23.3128834355828,6,48.7966021708353,187,27.8905143935819,277,18.6860068259386,168,49.8293515358362,166,31.4846416382253,189
2019,"Washington",18.7972919155715,182,48.5862206292314,198,32.6164874551971,149,20.2488202488202,92,50.02145002145,153,29.7297297297297,257
2019,"Washington St.",17.8019222732971,224,44.4630171333055,306,37.7350605933974,48,14.5411203814064,342,50.0595947556615,147,35.3992848629321,70
2019,"Weber St.",20.5513784461153,80,51.6290726817043,104,27.8195488721805,280,18.1623931623932,202,55.8119658119658,9,26.025641025641,333
2019,"West Virginia",22.0358814352574,27,47.6599063962558,226,30.3042121684867,224,21.1430706014195,59,49.3836384011954,186,29.4732909973851,265
2019,"Western Carolina",17.8733031674208,216,43.4389140271493,325,38.6877828054299,31,19.5773524720893,115,51.8341307814992,83,28.5885167464115,291
2019,"Western Illinois",14.3140168400198,337,52.1050024764735,93,33.5809806835067,126,15.4166666666667,327,49.1666666666667,191,35.4166666666667,69
2019,"Western Kentucky",21.5726636475916,43,53.8493207081103,55,24.5780156442981,334,15.2016985138004,333,48.2377919320595,224,36.5605095541401,44
2019,"Western Michigan",20.9129017233349,64,49.4643688868188,171,29.6227293898463,245,16.6736489317134,281,49.5182237117721,180,33.8081273565145,114
2019,"Wichita St.",18.042071197411,213,50.4045307443366,136,31.5533980582524,188,22.3006644518272,34,47.6744186046512,246,30.0249169435216,243
2019,"William & Mary",16.117381489842,300,50.293453724605,138,33.589164785553,125,17.7700348432056,232,50.8710801393728,110,31.3588850174216,192
2019,"Winthrop",16.8691588785047,278,38.6915887850467,351,44.4392523364486,4,17.4303259329239,250,50.2598016060463,141,32.3098724610298,165
2019,"Wisconsin",14.7449635662237,328,54.2648949849979,45,30.9901414487784,206,16.0076226774655,309,53.2634587898999,39,30.7289185326346,218
2019,"Wofford",14.6350931677019,332,44.9534161490683,302,40.4114906832298,14,18.4137291280148,186,49.721706864564,169,31.8645640074212,179
2019,"Wright St.",20.273631840796,96,47.2636815920398,240,32.4626865671642,155,15.7431838170624,316,51.0114335971856,104,33.245382585752,127
2019,"Wyoming",22.3039215686275,22,42.2549019607843,337,35.4411764705882,89,19.633730834753,112,47.7853492333901,243,32.5809199318569,154
2019,"Xavier",17.3000791765637,255,53.6025336500396,59,29.0973871733967,252,14.6844660194175,341,47.3300970873786,254,37.9854368932039,21
2019,"Yale",16.6310389055152,285,54.3822146216332,43,28.9867464728516,255,19.4587027531498,121,50.5832944470369,124,29.9580027998133,245
2019,"Youngstown St.",13.968253968254,342,46.984126984127,249,39.0476190476191,22,20.908708456037,65,50.5679427850231,126,28.5233487589398,294
